-- phpMyAdmin SQL Dump
-- version 5.0.4
-- https://www.phpmyadmin.net/
--
-- Host: localhost
-- Generation Time: Apr 13, 2021 at 08:51 PM
-- Server version: 10.4.17-MariaDB
-- PHP Version: 8.0.2

SET SQL_MODE = "NO_AUTO_VALUE_ON_ZERO";
START TRANSACTION;
SET time_zone = "+00:00";


/*!40101 SET @OLD_CHARACTER_SET_CLIENT=@@CHARACTER_SET_CLIENT */;
/*!40101 SET @OLD_CHARACTER_SET_RESULTS=@@CHARACTER_SET_RESULTS */;
/*!40101 SET @OLD_COLLATION_CONNECTION=@@COLLATION_CONNECTION */;
/*!40101 SET NAMES utf8mb4 */;

--
-- Database: `quizz`
--

-- --------------------------------------------------------

--
-- Table structure for table `competitions`
--

CREATE TABLE `competitions` (
  `id` bigint(20) UNSIGNED NOT NULL,
  `competition_name` varchar(255) COLLATE utf8mb4_unicode_ci DEFAULT NULL,
  `level_id` bigint(20) UNSIGNED NOT NULL,
  `created_at` timestamp NULL DEFAULT NULL,
  `updated_at` timestamp NULL DEFAULT NULL
) ENGINE=InnoDB DEFAULT CHARSET=utf8mb4 COLLATE=utf8mb4_unicode_ci;

--
-- Dumping data for table `competitions`
--

INSERT INTO `competitions` (`id`, `competition_name`, `level_id`, `created_at`, `updated_at`) VALUES
(1, 'عَلَامَاتُ الإِعْرَابِ الأَصْلِيَّةُ (1)', 1, NULL, NULL),
(2, ' عَلَامَاتُ الإِعْرَابِ الأَصْلِيَّةُ (2)', 1, NULL, NULL),
(3, ' (3)الهَمْزَةُ المُتَطَرِّفَةُ', 1, NULL, NULL),
(4, ' (4)ال التَّعْرِيْفِ (القَمَرِيَّةُ، الشَّمْسِيَّةُ)', 1, NULL, NULL),
(5, ' التَّاءُ المَفْتُوْحَةُ وَالتَّاءُ المَرْبُوْطَةُ وَالهَاءُ', 1, NULL, NULL);

-- --------------------------------------------------------

--
-- Table structure for table `failed_jobs`
--

CREATE TABLE `failed_jobs` (
  `id` bigint(20) UNSIGNED NOT NULL,
  `uuid` varchar(255) COLLATE utf8mb4_unicode_ci NOT NULL,
  `connection` text COLLATE utf8mb4_unicode_ci NOT NULL,
  `queue` text COLLATE utf8mb4_unicode_ci NOT NULL,
  `payload` longtext COLLATE utf8mb4_unicode_ci NOT NULL,
  `exception` longtext COLLATE utf8mb4_unicode_ci NOT NULL,
  `failed_at` timestamp NOT NULL DEFAULT current_timestamp()
) ENGINE=InnoDB DEFAULT CHARSET=utf8mb4 COLLATE=utf8mb4_unicode_ci;

-- --------------------------------------------------------

--
-- Table structure for table `levels`
--

CREATE TABLE `levels` (
  `id` bigint(20) UNSIGNED NOT NULL,
  `level_name` varchar(255) COLLATE utf8mb4_unicode_ci DEFAULT NULL,
  `created_at` timestamp NULL DEFAULT NULL,
  `updated_at` timestamp NULL DEFAULT NULL
) ENGINE=InnoDB DEFAULT CHARSET=utf8mb4 COLLATE=utf8mb4_unicode_ci;

--
-- Dumping data for table `levels`
--

INSERT INTO `levels` (`id`, `level_name`, `created_at`, `updated_at`) VALUES
(1, 'Level_1 (Alpha_Stage)', NULL, NULL),
(2, 'Level_2 (Beta_Stage)', NULL, NULL),
(3, 'Level_3 (Ceta_Stage)', NULL, NULL),
(4, 'Level_4 (Delta_Stage)', NULL, NULL),
(5, 'Level_5 (Gamma_Stage)', NULL, NULL);

-- --------------------------------------------------------

--
-- Table structure for table `migrations`
--

CREATE TABLE `migrations` (
  `id` int(10) UNSIGNED NOT NULL,
  `migration` varchar(255) COLLATE utf8mb4_unicode_ci NOT NULL,
  `batch` int(11) NOT NULL
) ENGINE=InnoDB DEFAULT CHARSET=utf8mb4 COLLATE=utf8mb4_unicode_ci;

--
-- Dumping data for table `migrations`
--

INSERT INTO `migrations` (`id`, `migration`, `batch`) VALUES
(27, '2014_10_12_000000_create_users_table', 1),
(28, '2014_10_12_100000_create_password_resets_table', 1),
(29, '2016_06_01_000001_create_oauth_auth_codes_table', 1),
(30, '2016_06_01_000002_create_oauth_access_tokens_table', 1),
(31, '2016_06_01_000003_create_oauth_refresh_tokens_table', 1),
(32, '2016_06_01_000004_create_oauth_clients_table', 1),
(33, '2016_06_01_000005_create_oauth_personal_access_clients_table', 1),
(34, '2019_08_19_000000_create_failed_jobs_table', 1),
(36, '2021_03_11_174605_create_teachers_table', 1),
(37, '2021_03_18_173900_create_competitions_table', 1),
(38, '2021_03_18_174059_create_levels_table', 1),
(39, '2021_03_18_184334_create_questions_table', 1),
(40, '2021_04_11_161705_create_competitions_table', 2),
(41, '2021_04_11_162115_create_competitions_table', 3),
(43, '2021_03_11_174557_create_students_table', 4);

-- --------------------------------------------------------

--
-- Table structure for table `oauth_access_tokens`
--

CREATE TABLE `oauth_access_tokens` (
  `id` varchar(100) COLLATE utf8mb4_unicode_ci NOT NULL,
  `user_id` bigint(20) UNSIGNED DEFAULT NULL,
  `client_id` bigint(20) UNSIGNED NOT NULL,
  `name` varchar(255) COLLATE utf8mb4_unicode_ci DEFAULT NULL,
  `scopes` text COLLATE utf8mb4_unicode_ci DEFAULT NULL,
  `revoked` tinyint(1) NOT NULL,
  `created_at` timestamp NULL DEFAULT NULL,
  `updated_at` timestamp NULL DEFAULT NULL,
  `expires_at` datetime DEFAULT NULL
) ENGINE=InnoDB DEFAULT CHARSET=utf8mb4 COLLATE=utf8mb4_unicode_ci;

--
-- Dumping data for table `oauth_access_tokens`
--

INSERT INTO `oauth_access_tokens` (`id`, `user_id`, `client_id`, `name`, `scopes`, `revoked`, `created_at`, `updated_at`, `expires_at`) VALUES
('152fb15f1f3126e0e91f78434998ca7f8319daac13987d048909dce4fb6d680ba60527cd6b09645d', 3, 1, 'RouteCab', '[]', 0, '2021-03-25 13:46:25', '2021-03-25 13:46:25', '2022-03-25 18:46:25'),
('2557c955408d0f09b8643fd286ff3377618a7a78286e94aa6035feba9ca67d8cadb52a778aa2331c', 1, 1, 'RouteCab', '[]', 0, '2021-03-25 13:42:39', '2021-03-25 13:42:39', '2022-03-25 18:42:39'),
('3aa3b920ae841a7af8f9265aae427edd255166e019e46a6c7b2a4b7153de1289bd70ba9f1e6c250b', 3, 1, 'RouteCab', '[]', 0, '2021-03-25 13:47:58', '2021-03-25 13:47:58', '2022-03-25 18:47:58'),
('8b58e09cafcc084a0ebe58356d8b6223b3dd576cffa1af884559322dc99139408df06a54e5c82b94', 3, 1, 'RouteCab', '[]', 0, '2021-04-13 13:34:57', '2021-04-13 13:34:57', '2022-04-13 18:34:57'),
('e414a9c95c65926d07d6473774309c8fa3561e5ee640c6ce31f06e543b38b7fd80632a23d9d8b8a7', 2, 1, 'RouteCab', '[]', 0, '2021-03-25 13:43:20', '2021-03-25 13:43:20', '2022-03-25 18:43:20'),
('ea5bb465e65e487a9885f5dc1f809fe345863914c82c02878af643abef09d8a3d25102c2ad09fef6', 4, 1, 'RouteCab', '[]', 0, '2021-04-04 12:50:54', '2021-04-04 12:50:54', '2022-04-04 17:50:54');

-- --------------------------------------------------------

--
-- Table structure for table `oauth_auth_codes`
--

CREATE TABLE `oauth_auth_codes` (
  `id` varchar(100) COLLATE utf8mb4_unicode_ci NOT NULL,
  `user_id` bigint(20) UNSIGNED NOT NULL,
  `client_id` bigint(20) UNSIGNED NOT NULL,
  `scopes` text COLLATE utf8mb4_unicode_ci DEFAULT NULL,
  `revoked` tinyint(1) NOT NULL,
  `expires_at` datetime DEFAULT NULL
) ENGINE=InnoDB DEFAULT CHARSET=utf8mb4 COLLATE=utf8mb4_unicode_ci;

-- --------------------------------------------------------

--
-- Table structure for table `oauth_clients`
--

CREATE TABLE `oauth_clients` (
  `id` bigint(20) UNSIGNED NOT NULL,
  `user_id` bigint(20) UNSIGNED DEFAULT NULL,
  `name` varchar(255) COLLATE utf8mb4_unicode_ci NOT NULL,
  `secret` varchar(100) COLLATE utf8mb4_unicode_ci DEFAULT NULL,
  `provider` varchar(255) COLLATE utf8mb4_unicode_ci DEFAULT NULL,
  `redirect` text COLLATE utf8mb4_unicode_ci NOT NULL,
  `personal_access_client` tinyint(1) NOT NULL,
  `password_client` tinyint(1) NOT NULL,
  `revoked` tinyint(1) NOT NULL,
  `created_at` timestamp NULL DEFAULT NULL,
  `updated_at` timestamp NULL DEFAULT NULL
) ENGINE=InnoDB DEFAULT CHARSET=utf8mb4 COLLATE=utf8mb4_unicode_ci;

--
-- Dumping data for table `oauth_clients`
--

INSERT INTO `oauth_clients` (`id`, `user_id`, `name`, `secret`, `provider`, `redirect`, `personal_access_client`, `password_client`, `revoked`, `created_at`, `updated_at`) VALUES
(1, NULL, 'RouteCab', 'g7J1cZ4frBUnaKIe3VesKeYO0yQOOfd5zPAS81u3', NULL, 'http://localhost', 1, 0, 0, '2021-03-25 13:35:47', '2021-03-25 13:35:47');

-- --------------------------------------------------------

--
-- Table structure for table `oauth_personal_access_clients`
--

CREATE TABLE `oauth_personal_access_clients` (
  `id` bigint(20) UNSIGNED NOT NULL,
  `client_id` bigint(20) UNSIGNED NOT NULL,
  `created_at` timestamp NULL DEFAULT NULL,
  `updated_at` timestamp NULL DEFAULT NULL
) ENGINE=InnoDB DEFAULT CHARSET=utf8mb4 COLLATE=utf8mb4_unicode_ci;

--
-- Dumping data for table `oauth_personal_access_clients`
--

INSERT INTO `oauth_personal_access_clients` (`id`, `client_id`, `created_at`, `updated_at`) VALUES
(1, 1, '2021-03-25 13:35:47', '2021-03-25 13:35:47');

-- --------------------------------------------------------

--
-- Table structure for table `oauth_refresh_tokens`
--

CREATE TABLE `oauth_refresh_tokens` (
  `id` varchar(100) COLLATE utf8mb4_unicode_ci NOT NULL,
  `access_token_id` varchar(100) COLLATE utf8mb4_unicode_ci NOT NULL,
  `revoked` tinyint(1) NOT NULL,
  `expires_at` datetime DEFAULT NULL
) ENGINE=InnoDB DEFAULT CHARSET=utf8mb4 COLLATE=utf8mb4_unicode_ci;

-- --------------------------------------------------------

--
-- Table structure for table `password_resets`
--

CREATE TABLE `password_resets` (
  `email` varchar(255) COLLATE utf8mb4_unicode_ci NOT NULL,
  `token` varchar(255) COLLATE utf8mb4_unicode_ci NOT NULL,
  `created_at` timestamp NULL DEFAULT NULL
) ENGINE=InnoDB DEFAULT CHARSET=utf8mb4 COLLATE=utf8mb4_unicode_ci;

-- --------------------------------------------------------

--
-- Table structure for table `questions`
--

CREATE TABLE `questions` (
  `id` bigint(20) UNSIGNED NOT NULL,
  `question_info` varchar(900) COLLATE utf8mb4_unicode_ci DEFAULT NULL,
  `statement` varchar(900) COLLATE utf8mb4_unicode_ci DEFAULT NULL,
  `option_1` varchar(255) COLLATE utf8mb4_unicode_ci DEFAULT NULL,
  `option_2` varchar(255) COLLATE utf8mb4_unicode_ci DEFAULT NULL,
  `option_3` varchar(255) COLLATE utf8mb4_unicode_ci DEFAULT NULL,
  `option_4` varchar(255) COLLATE utf8mb4_unicode_ci DEFAULT NULL,
  `hint` varchar(255) COLLATE utf8mb4_unicode_ci DEFAULT NULL,
  `fifty_fifty` varchar(255) COLLATE utf8mb4_unicode_ci DEFAULT NULL,
  `correct_answer` varchar(255) COLLATE utf8mb4_unicode_ci DEFAULT NULL,
  `competition_id` bigint(20) UNSIGNED NOT NULL,
  `level_id` bigint(20) UNSIGNED NOT NULL,
  `created_at` timestamp NULL DEFAULT NULL,
  `updated_at` timestamp NULL DEFAULT NULL
) ENGINE=InnoDB DEFAULT CHARSET=utf8mb4 COLLATE=utf8mb4_unicode_ci;

--
-- Dumping data for table `questions`
--

INSERT INTO `questions` (`id`, `question_info`, `statement`, `option_1`, `option_2`, `option_3`, `option_4`, `hint`, `fifty_fifty`, `correct_answer`, `competition_id`, `level_id`, `created_at`, `updated_at`) VALUES
(1, 'الحَرَكَاتُ الأَرْبَعُةُ: (الكَسْرَةُ\"ــــــِــــ\"، الضَّمَّةُ \"ـــــــُـــــ\"، الفَتْحَةُ \"ــــــــَـــ\"، السُّكُوْنُ \"ــــــْــــــ\").', ' 	الكَلِمَةُ الَّتِيْ تَتَضَمَّنُ حَرْفًا مَكْسُوْرًا فِيْمَا يَلِيْ\r\n \r\n', ' بِلَادُنَا', ' 	تَمَارَضَ', ' جَبَرُوْتٌ', ' جَبَلٌ', ' بِلَادُنَا؛ فَالكَسْرَةُ خَطٌّ صَغِيْرٌ مَائِلٌ نَكْتُبُهُ أَسْفَلَ الحَرْفِ.', 'بِلَادُنَا/جَبَرُوْتٌ  ', ' بِلَادُنَا', 1, 1, NULL, NULL),
(2, ' مِنَ الضَّرُوْرِيِّ أَنْ نُمَيِّزَ بَيْنَ الحَرَكَاتِ الأَرْبَعِ شَكْلًا وَنُطْقًا.', '	الكَلِمَةُ الَّتِيْ تَتَضَمَّنُ حَرْفًا مَضْمُوْمًا فِيْمَا يَلِيْ ', 'دُنِيَا	', 'دَنَا', 'تَدَنِّي', 'تَدَانِي	', '  (دُنْيَا) \r\nالدَّالُ فِيْ دُنْيَا هُوَ الحَرْفُ المَضْمُوْمُ، وَالضَّمَّةُ تُشْبِهُ الوَاوَ الصَّغِيْرَةَ تُكْتَبُ أَعْلَى الحَرْفِ.', 'دُنِيَا/تَدَنِّي', 'دُنِيَا', 1, 1, NULL, NULL),
(3, ' مِنَ الضَّرُوْرِيِّ أَنْ نُمَيِّزَ بَيْنَ الحَرَكَاتِ الأَرْبَعِ شَكْلًا وَنُطْقًا.', '	الكَلِمَةُ الَّتِيْ تَتَضَمَّنُ حَرْفًا مَضْمُوْمًا فِيْمَا يَلِيْ ', 'دُنِيَا	', 'دَنَا', 'تَدَنِّي', 'تَدَانِي	', '  (دُنْيَا) \r\nالدَّالُ فِيْ دُنْيَا هُوَ الحَرْفُ المَضْمُوْمُ، وَالضَّمَّةُ تُشْبِهُ الوَاوَ الصَّغِيْرَةَ تُكْتَبُ أَعْلَى الحَرْفِ.', 'دُنِيَا/تَدَنِّي', 'دُنِيَا', 1, 1, NULL, NULL),
(4, 'لِمَعْرِفَةِ أَصْلِ الكَلِمَةِ نُجَرِّدُهَا مِنْ أَحْرُفِ الزِّيَادَةِ، اِسْتَغْفَرْتُمْ: غَفَرَ، اِقْتَرَبْتُ: قَرُبَ...', '	الحَرْفُ الأَخِيْرُ مِنْ أَصْلِ كَلِمَةِ (اِسْتَكْبَرْتُمْ)', 'الرَّاءُ', 'البَاءُ', 'التَّاءُ', 'المِيْمُ', 'الرَّاءُ؛ مِنْ أَصْلِ الكَلِمَةِ (كَبُرَ)، وَالأَحْرُفُ المُتَبَقِّيَةُ زَائِدَةٌ.', 'المِيْمُ/الرَّاءُ', 'الرَّاءُ', 1, 1, NULL, NULL),
(5, 'الحَرَكَاتُ الإِعْرَابِيَّةُ الأَرْبَعُةُ تُكْتَبُ عَلَى الحَرْفِ الأَخِيْرِ مِنْ أَصْلِ الكَلِمَةِ.', '	الحَرَكَةُ الإِعْرَابِيَّةُ فِيْ كَلِمَةِ (أَخْبَرْتُكُمْ)', 'الضَّمَّةُ عَلَى التَّاءِ', 'السُّكُوْنُ عَلَى الرَّاءِ', 'الضَّمَّةُ عَلَى الكَافِ', 'السُّكُوْنُ عَلَى المِيْمِ', 'السُّكُوْنُ عَلَى الرَّاءِ؛ لِأَنَّ الرَّاءَ آخِرُ حَرْفٍ فِيْ أَصْلِ الكَلِمَةِ (خَبَرَ)، و(التَّاءُ، كُمْ) ضَمِيْرَانِ.', 'السُّكُوْنُ عَلَى الرَّاءِ/السُّكُوْنُ عَلَى المِيْمِ', 'السُّكُوْنُ عَلَى الرَّاءِ', 1, 1, NULL, NULL),
(6, 'عِنْدَ نُطْقِ الحُرُوْفِ المَفْتُوْحَةِ نَفْتَحُ الشَّفَتَيْنِ، وَنُطْقُهَا يُشْبِهُ الأَلِفَ المُخَفَّفَةَ', '	الحَرْفُ المَفْتُوْحُ فِيْ كَلِمَةِ (يَكْتُبُ)', 'الكَافُ', 'التَّاءُ', 'البَاءُ', 'اليَاءُ', '(اليَاءُ)؛ \r\nلِأَنَّنَا فَتَحْنَا شَفَتَيْنَا عِنْدَ نُطْقِهِ، وَلِأَنَّ نُطْقَهُ يُشْبِهُ الأَلِفَ المُخَفَّفَةَ\r\n', 'البَاءُ/اليَاءُ', 'اليَاءُ', 1, 1, NULL, NULL),
(7, 'عِنْدَ نُطْقِ الضَّمَّةِ نَضُمُّ الشَّفَتَيْنِ، فَتُصْبِحُ عَلَى شَكْلِ دَائِرَةٍ، وَتُشْبِهُ فِيْ نُطْقِهَا حَرْفَ الوَاوِ المُخَفَّفَةِ', '	الحَرْفُ المَضْمُوْمُ فِيْ كَلِمَةِ (تُدْهِشِيْنَ)', 'الدَّالُ', 'التَّاءُ', 'الهَاءُ', 'الشِّيْنُ', '(التَّاءُ)؛ \r\nلِأَنَّ شَكْلَ الشَّفَتَيْنِ صَارَ عَلَى شَكْلِ دَائِرَةٍ عِنْدَ نُطْقِ التَّاءِ وَحْدَهُ', 'الشِّيْنُ/', 'التَّاءُ', 1, 1, NULL, NULL),
(8, 'عِنْدَ نُطْقِ الكَسْرَةِ نَكْسِرُ الصَّوْتَ بِمَا يُشْبِهُ اليَاءَ المُخَفَّفَةَ، وَبِمَا يَجْعَلُ شِفَاهَنَا تَبْدُوْ مُبْتَسِمَةً', '	الحَرْفُ المَكْسُوْرُ فِيْ كَلِمَةِ (يُسْعِدُنَا)', 'العَيْنُ', 'الأَلِفُ', 'النُّوْنُ', 'السِّيْنُ', '(العَيْنُ)؛\r\nعِنْدَ نُطْقِ الكَلِمَةِ بِبُطْءٍ يَتَّضِحُ كَسْرُ الصَّوْتِ عِنْدَ العَيْنِ بِمَا يَدُلُّ عَلَى أَنَّهُ مَكْسُوْرٌ. \r\n ', 'العَيْنُ/السِّيْنُ', 'العَيْنُ', 1, 1, NULL, NULL),
(9, 'عِنْدَ نُطْقِ السُّكُوْنِ نَشْعُرُ بِاحْتِبَاسِ الهَوَاءِ فِيْ الحَنْجَرَةِ، فَلَا يَتَدَفَّقُ إِلَّا مَعَ أَحْرُفِ المَدِّ (و، ا، ي)', '	الحَرْفُ السَّاكِنُ فِيْ كَلِمَةِ (أَجْدَادُنَا)', 'الهَمْزَةُ', 'النُّوْنُ', 'الجِيْمُ', 'الدَّالُ', '(الجِيْمُ)؛ \r\nلِأَنَّنَا نَشْعُرُ بِتَوَقُّفِ تَدَفُّقِ الهَوَاءِ مِنَ الحَنْجَرَةِ عِنْدَ نُطْقِهِ', 'الجِيْمُ', 'الجِيْمُ', 1, 1, NULL, NULL),
(10, 'أَحْرُفُ المَدِّ: (و، ا، ي)، وَتَكُوْنُ سَاكِنَةً عِنْدَ نُطْقِهَا مَمْدُوْدَةً، مِثْلُ: قَوْلٍ، دُخُوْلٍ', '	حَرْفُ المَدِّ فِيْ كَلِمَةِ (وِدَادُهُ)', 'الهَاءُ', 'الوَاوُ', 'الأَلِفُ', 'الدَّالُ', '(الأَلِفُ)؛ \r\nلِأَنَّهَا سَاكِنَةٌ، فِيْ حِيْنِ أَنَّ الوَاوَ مَكْسُوْرَةٌ، وَلَيْسَتْ حَرْفَ مَدٍّ؛ لِأَنَّهَا جَاءَتْ بِدَايَةَ الكَلِمَةِ', 'الدَّالُ/', 'الأَلِفُ', 1, 1, NULL, NULL),
(11, 'قَدْ يَتَوَهَّمُ المُسْتَمِعُ أَوِ النَّاطِقُ بِحَرْفِ الأَلِفِ أَنَّهُ مَفْتُوْحٌ لِشَبَهِهِمَا، فِيْ حِيْنِ أَنَّهُ سَاكِنٌ دَائِمًا', '	حَرْفُ المَدِّ السَّاكِنِ فِيْمَا يَلِيْ', 'الوَاوُ فِيْ (تَوَاصُلٌ)', 'الأَلِفُ فِيْ (إِبَاءٌ)', 'اليَاءُ فِيْ (يُحْسِنُ)', 'الوَاوُ فِيْ (تَوَالَى)', ' الأَلِفُ فِيْ (إِبَاءٌ)؛ \r\nلِأَنَّ الأَلِفَ تَكُوْنُ دَائِمًا سَاكِنَةً، فِيْ حِيْنِ أَنَّهُ قَدْ يَأْتِيْ حَرْفَا (اليَاءِ وَالوَاوِ) مُتَحَرِّكَيْنِ.', 'الأَلِفُ فِيْ (إِبَاءٌ)/الوَاوُ فِيْ (تَوَاصُلٌ)', 'الأَلِفُ فِيْ (إِبَاءٌ)', 1, 1, NULL, NULL),
(12, 'الحَرْفُ الَّذِيْ يَسْبِقُ الأَلِفَ مَفْتُوْحٌ دَائِمًا، مِثْلُ: حَرْفِ السِّيْنِ فِيْ (تَسَامَى)', '	حَرْفُ السِّيْنِ المَفْتُوْحُ مَوْجُوْدٌ فِيْ كَلِمَةِ', 'أَسْنَانٍ', 'تَسْيِيْسٍ	', 'كَسَادٍ', 'سُؤْدُدٍ', '(كَسَاد)؛ \r\nلِأَنَّهَا سَبَقَتِ الأَلِفَ، وَجَاءَتْ مَفْتُوْحَةً لِتُنَاسِبَ الأَلِفَ', 'سُؤْدُدٍ/كَسَادٍ', 'كَسَادٍ', 1, 1, NULL, NULL),
(13, 'عِنْدَ نُطْقِ الضَّمَّةِ نَضُمُّ الشَّفَتَيْنِ، فَتُصْبِحُ عَلَى شَكْلِ دَائِرَةٍ، وَتُشْبِهُ فِيْ نُطْقِهَا حَرْفَ الوَاوِ المُخَفَّفَةِ.', '	الكَلِمَةُ الَّتِيْ تَتَضَمَّنُ حَرْفًا مَضْمُوْمًا فِيْ وَسَطِهَا', 'حَلَاوَةٌ', 'حَمَاقَةٌ', 'حَدِيْدٌ', 'يَحْلُوْ', '(يَحْلُوْ)؛ \r\nاللَّامُ مَضْمُوْمَةٌ؛ لِأَنَّنَا نَضُمُّ الشَّفَتَيْنِ عِنْدَ نُطْقِهَا بِبُطْءٍ', 'يَحْلُوْ/', 'يَحْلُوْ', 1, 1, NULL, NULL),
(14, 'عِنْدَ نُطْقِ السُّكُوْنِ نَشْعُرُ بِاحْتِبَاسِ الهَوَاءِ فِيْ الحَنْجَرَةِ، فَلَا يَتَدَفَّقُ إِلَّا مَعَ أَحْرُفِ المَدِّ (و، ا، ي)', '	الفِعْلُ الَّذِيْ يَتَضَمَّنُ حَرْفًا سَاكِنًا فِيْ وَسَطِهِ', 'يَلْعَبُ', 'لَعِبَ', 'ضَحِكَ', 'كَتَبَ', '(يَلْعَبُ)؛ \r\nاللَّامُ سَاكِنَةٌ لِأَنَّنَا عِنْدَ نُطْقِهَا نَشْعُرُ بِتَوَقُّفِ تَدَفُّقِ الهَوَاءِ فِيْ الحَنْجَرَةِ\r\n\r\n', 'يَلْعَبُ/', 'يَلْعَبُ', 1, 1, NULL, NULL),
(15, 'لَا يَجُوْزُ الْتِقَاءُ حَرْفَيْنِ سَاكِنَيْنِ فِيْ العَرَبِيَّةِ، وَلَكِنْ يَجُوْزُ الْتِقَاءُ حَرْفَيْنِ مَفْتُوْحَيْنِ أَوْ مَكْسُوْرَيْنِ أَوْ مَضْمُوْمَيْنِ', '	ضَبْطُ الحَرَكَاتِ صَحِيْحٌ فِيْمَا يَلِيْ، مَا عَدَا', ' أَحَبَّ', 'مُدُنَنَا', 'سَامِحْ الْمُسِيْئِيْنَ', 'بِكِتَابِنَا', '(سَامِحْ الْمُسِيْئِيْنَ)؛ \r\nلِأَنَّ الأَلِفَ سَاكِنَةٌ وَقَبْلَهَا الحَاءُ سَاكِنَةٌ أَيْضًا، فَنُحَرِّكُ حَرْفَ الحَاءِ بِالْكَسْرِ؛ لِنَمْنَعَ الْتِقَاءَ السَّاكِنَيْنِ', 'سَامِحْ الْمُسِيْئِيْنَ/بِكِتَابِنَا', 'سَامِحْ الْمُسِيْئِيْنَ', 1, 1, NULL, NULL),
(16, 'عِنْدَ نُطْقِ الكَسْرَةِ نَكْسِرُ الصَّوْتَ بِمَا يُشْبِهُ اليَاءَ المُخَفَّفَةَ، مِثْلُ نُطْقِ العَيْنِ فِيْ لَعِبَ', '	الكَلِمَةُ الَّتِيْ تَتَضَمَّنُ حَرْفًا مَكْسُوْرًا مِمَّا يَلِيْ', 'أَكْرَمَ', 'نَكْبُرُ', 'تَفَاءَلَ', 'مَدَارِسٌ', '(مَدَارِسٌ)؛ \r\nالرَّاءُ مَكْسُوْرَةٌ، وَعِنْدُ نُطْقِهَا نَكْسِرُ الصَّوْتَ', 'مَدَارِسٌ/تَفَاءَلَ', 'مَدَارِسٌ', 1, 1, NULL, NULL),
(17, 'قَدْ يَتَوَهَّمُ بَعْضُهُمْ أَنَّ اليَاءَ مَكْسُوْرَةٌ دَائِمًا لِشَبَهِهَا بِنُطْقِ الكَسْرَةِ، فِيْ حِيْنِ أَنَّهَا تَأْتِيْ سَاكِنَةً وَمُتَحَرِّكَةً', '	اليَاءُ مُتَحَرِّكَةٌ فِيْمَا يَلِيْ بِاسْتِثْنَاءِ الْيَاءِ فِي كَلِمَةِ', 'مِيَاهًا', 'يُؤْمِنُ', 'الزَّيْتُوْنَ', 'مُيُوْلاً', '(الزَّيْتُوْن)؛ \r\nاليَاءُ سَاكِنَةٌ؛ لِأَنَّهَا تَتَضَمَّنُ بَعْضَ المَدِّ فِيْ نُطْقِهَا، خِلَافًا لِلْيَاءِ المُتَحَرِّكَةِ.', 'مُيُوْلاً/الزَّيْتُوْنَ', 'الزَّيْتُوْنَ', 1, 1, NULL, NULL),
(18, 'مُنْتَصَفَ القَرْنِ الأَوَّلِ لِلْهِجْرَةِ تَقْرِيْبًا، اِخْتَرَعَ أَبُوْ الأَسْوَدِ الدُّؤَلِيُّ الحَرَكَاتِ الإِعْرَابِيَّةَ', '	أَبُوْ الأَسْوَدِ الدُّؤَلِيُّ خَدَمَ اللُّغَةَ العَرَبِيَّةَ بِأَنْ كَانَ أَوَّلَ مَنْ وَضَعَ لَهَا', 'الحَرَكَاتِ', 'النِّقَاطَ', 'الحُرُوْفَ', 'الشَّدَّةَ وَالهَمْزَةَ', '(الحَرَكَات)؛ \r\nوَلَكِنَّهَا كَانَتْ عَلَى شَكْلِ نِقَاطٍ بِاللَّوْنِ الأَحْمَرِ', 'الشَّدَّةَ وَالهَمْزَةَ/الحَرَكَاتِ', 'الحَرَكَاتِ', 2, 1, NULL, NULL),
(19, 'طَوَّرَ الفَرَاهِيْدِيُّ الحَرَكَاتِ وَغَيَّرَ شَكْلَهَا مِنَ النِّقَاطِ إِلَى مَا هِيَ مَعْرُوْفَةٌ عَلَيْهِ الآنَ', '	اِسْمُ العَالِمِ الَّذِيْ صَمَّمَ الحَرَكَاتِ عَلَى الشَّكْلِ المَعْرُوْفِ حَالِيًّا', 'أَبُوْ الأَسْوَدِ الدُّؤَلِيُّ', 'الفَرَاهِيْدِيُّ', 'اِبْنُ مَالِكٍ', 'سِيْبَوَيْهِ', '(الفَرَاهِيْدِيُّ)؛ \r\nوَهُوَ عَالِمٌ نَحْوِيٌّ يَنْتَمِيْ إِلَى القَرْنِ الثَّانِيْ لِلْهِجْرَةِ', 'سِيْبَوَيْهِ/الفَرَاهِيْدِيُّ', 'الفَرَاهِيْدِيُّ', 2, 1, NULL, NULL),
(20, 'قَدْ يَتَوَهَّمُ المُسْتَمِعُ أَنَّ الوَاوَ مَضْمُوْمَةٌ دَائِمًا لِشَبَهِهَا فِيْ النُّطْقِ بِالضَّمَّةِ', '	جَاءَتِ الوَاوُ سَاكِنَةً فِيْمَا يَلِيْ، مَا عَدَا', 'بُوْرِكْتَ', 'مَوْعِدَنَا	', 'تَوَاصُلاً', 'مَوْلُوْدً', '(تَوَاصُلاً)؛ \r\nلِأَنَّهَا سَبَقَتْ حَرْفَ الأَلِفِ، فَجَاءَتْ مَفْتُوْحَةً لِتُنَاسِبَ لَفْظَ الأَلِفِ\r\n', 'مَوْلُوْدًا/تَوَاصُلاً', 'تَوَاصُلاً', 2, 1, NULL, NULL),
(21, 'الشَّدَّةُ عِبَارَةٌ عَنْ حَرْفَيْنِ أَوَّلُهُمَا سَاكِنٌ وَالثَّانِيْ مُتَحَرِّكٌ، مِثْلُ: فَعَّالٍ، تُنْطَقُ (فَعْعَال)', '	حَرَكَةُ حَرْفِ اليَاءِ بَعْدَ السِّيْنِ فِيْ كَلِمَةِ (سَيَّارَة)', 'السُّكُوْنُ', 'الفَتْحَةُ', 'الشَّدَّةُ', 'الكَسْرَةُ', 'السُّكُوْنُ؛ \r\nلِأَنَّ الأَصْلَ فِيْ الكَلِمَةِ أَنْ تُكْتَبَ بِهَذَا الشَّكْلِ حَسْبَ النُّطْقِ \"سَيْيَارَة\"', 'الكَسْرَةُ/السُّكُوْنُ', 'السُّكُوْنُ', 2, 1, NULL, NULL),
(22, 'التَّنْوِيْنُ حَرَكَةٌ مُكَرَّرَةٌ فِيْ نِهَايَةِ الكَلِمَةِ، لَكِنَّ بَعْضَهُمْ يَحْسَبُهُ نُوْنًا لِشَبَهِهِمَا فِيْ اللَّفْظِ\r\n', '	تُكْتَبُ كَلِمَةُ (بَيْتٍ) فِيْ حَالَةِ تَنْوِيْنِ الرَّفْعِ بِهَذَا الشَّكْلِ', 'بَيْتُنْ', 'بَيْتٌ', 'بَيْتًا', 'بَيْتٍ', 'بَيْتٌ؛ \r\nلِأَنَّ أَصْلَ الكَلِمَةِ (بَيْت)، وَتَنْوِيْنُ الضَّمِّ يَكُوْنُ بِلَفْظِ الضَّمَّةِ يَلِيْهِ مَا يُشْبِهُ حَرْفَ النُّوْنِ نُطْقًا', 'بَيْتٌ/بَيْتٍ', 'بَيْتٌ', 2, 1, NULL, NULL),
(23, 'تُكْتَبُ الفَتْحَةُ وَالضَّمَّةُ وَالسُّكُوْنُ أَعْلَى الحَرْفِ، فِيْ حِيْنِ تُكْتَبُ الكَسْرَةُ أَسْفَلَ الحَرْفِ', '	عَلَامَةُ النَّصْبِ فِيْ كَلِمَةِ (صَافِيًا) فِيْ جُمْلَةِ \"كَانَ الجَوُّ صَافِيًا\"', 'الضَّمَّةُ', 'الفَتْحَةُ', 'الكَسْرَةُ	', 'السُّكُوْنُ', 'عَلَامَةُ النَّصْبِ الفَتْحَةُ؛ \r\nتُشْبِهُ حَرْفَ الأَلِفِ نُطْقًا وَشَكْلًا، غَيْرَ أَنَّهَا صَغِيْرَةٌ مَائِلَةٌ', ' الضَّمَّةُ/الفَتْحَةُ', 'الفَتْحَةُ', 2, 1, NULL, NULL),
(24, 'عَلَامَةُ الإِعْرَابِ تَكُوْنُ عَلَى الحَرْفِ الأَخِيْرِ مِنْ أَصْلِ الكَلِمَةِ', '	عَلَامَةُ الجَرِّ فِيْ كَلِمَةِ (قَوْمٍ) فِيْ جُمْلَةِ \"مَرَرْتُ بِقَوْمٍ فَرِحِيْنَ\"', ' الضَّمَّةُ', 'الفَتْحَةُ', 'الكَسْرَةُ', 'السُّكُوْنُ', 'عَلَامَةُ الجَرِّ الكَسْرَةُ؛ \r\nوَهِيَ خَطٌّ صَغِيْرٌ مَائِلٌ نَكْتُبُهُ أَسْفَلَ الحَرْفِ، وَبِنُطْقِهَا يَنْكَسِرُ الصَّوْتُ', 'الكَسْرَةُ/السُّكُوْنُ', 'الكَسْرَةُ', 2, 1, NULL, NULL),
(25, 'مِنْ أَحْرُفِ الجَزْمِ لِلْفِعْلِ المُضَارِعِ (لَمْ، لَمَّا، لَا النَّاهِيَةُ، لَامُ الأَمْرِ...)', '	عَلَامَةُ الجَزْمِ فِيْ كَلِمَةِ (يَكْذِبْ) فِيْ جُمْلَةِ: لَمْ يَكْذِبْ فِيْ حَيَاتِهِ', 'الكَسْرَةُ', 'الفَتْحَةُ', 'الضَّمَّةُ', 'السُّكُوْنُ', 'عَلَامَةُ الجَزْمِ السُّكُوْنُ؛\r\nحَرَكَةُ وَقْفٍ، تُشْبِهُ الدَّائِرَةَ الصَّغِيْرَةُ، نَكْتُبُهَا أَعْلَى الحَرْفِ', 'السُّكُوْنُ/الكَسْرَةُ ', 'الكَسْرَةُ ', 2, 1, NULL, NULL),
(26, '(إِنَّ) مِنَ الأَحْرُفِ النَّاسِخَةِ الَّتِيْ تَنْصُبُ المُبْتَدَأَ بَعْدَهَا، وَيَبْقَى الخَبَرُ مَرْفُوْعًا', '	فِيْ الجُمْلَةِ: \"إِنَّ الشَّيْطَانَ عَدُوٌّ لِلْإِنْسَانِ\" فَالصَّوَابُ فِيْ اسْمِ إِنَّ (الشَّيْطَانَ) أَنَّهُ', 'مَنْصُوْبٌ بِالفَتْحَةِ', 'مَنْصُوْبٌ بِالفَتْحَةِ', 'مَرْفُوْعٌ بِالضَّمَّةِ', 'مَجْزُوْمٌ بِالسُّكُوْنِ', 'مَنْصُوْبٌ بِالفَتْحَةِ؛\r\nلِأَنَّ الفَتْحَةَ عَلَامَةُ نَصْبٍ ', 'مَجْرُوْرٌ بِالكَسْرَةِ/مَنْصُوْبٌ بِالفَتْحَةِ', 'مَنْصُوْبٌ بِالفَتْحَةِ', 2, 1, NULL, NULL),
(27, 'الكَسْرَةُ هِيَ الحَرَكَةُ الوَحِيْدَةُ الَّتِيْ تُكْتَبُ أَسْفَلَ الحَرْفِ', '	فِيْ الجُمْلَةِ: \"إِنَّ الشَّيْطَانَ عَدُوٌّ لِلْإِنْسَانِ\". فَالصَّوَابُ فِيْ الاسْمِ (الإِنْسَانِ) أَنَّهُ', ' مَنْصُوْبٌ بِالفَتْحَةِ', 'مَجْزُوْمٌ بِالسُّكُوْنِ', 'مَجْرُوْرٌ بِالكَسْرَةِ', 'مَرْفُوْع بِالضَّمَّةِ', 'مَجْرُوْرٌ بِالكَسْرَةِ؛ لِأَنَّ الكَسْرَةَ عَلَامَةُ جَرٍّ', 'مَرْفُوْع بِالضَّمَّةِ/مَجْرُوْرٌ بِالكَسْرَةِ', 'مَجْرُوْرٌ بِالكَسْرَةِ', 2, 1, NULL, NULL),
(28, 'عَلَامَةُ الرَّفْعِ الأَصْلِيَّةُ: حَرَكَةٌ تُشْبِهُ فِيْ شَكْلِهَا وَنُطْقِهَا الوَاوَ', '	فِيْ الجُمْلَةِ: \"إِنَّ الشَّيْطَانَ عَدُوٌّ لِلْإِنْسَانِ\". الصَّوَابُ فِيْ الخَبَرِ (عَدُوٌّ) أَنَّهُ', 'مَرْفُوْعٌ بِالضَّمَّةِ ', 'مَجْزُوْمٌ بِالسُّكُوْنِ', 'مَجْرُوْرٌ بِالكَسْرَةِ', 'مَنْصُوْبٌ بِالفَتْحَةِ', 'مَرْفُوْعٌ بِالضَّمَّةِ؛ لِأَنَّ الضَّمَّةَ عَلَامَةُ رَفْعٍ', 'مَرْفُوْعٌ بِالضَّمَّةِ /', 'مَرْفُوْعٌ بِالضَّمَّةِ ', 2, 1, NULL, NULL),
(29, 'عَلَامَةُ الجَزْمِ الأَصْلِيَّةُ: حَرَكَةٌ صَغِيْرَةٌ دَائِرِيَّةٌ نَكْتُبُهَا أَعْلَى الحَرْفِ', '	فِيْ الجُمْلَةِ: لَا تَخُنْ مَنِ ائْتَمَنَكَ. الصَّوَابُ فِيْ الفِعْلِ المُضَارِعِ (تَخُنْ) أَنَّهُ', 'مَرْفُوْعٌ بِالضَّمَّةِ ', '   مَجْرُوْرٌ بِالكَسْرَةِ', 'مَجْزُوْمٌ بِالسُّكُوْنِ ', 'مَنْصُوْبٌ بِالفَتْحَةِ', 'مَجْزُوْمٌ بِالسُّكُوْنِ؛ لِأَنَّ السُّكُوْنَ عَلَامَةُ جَزْمٍ', 'مَجْزُوْمٌ بِالسُّكُوْنِ ', 'مَجْزُوْمٌ بِالسُّكُوْنِ ', 2, 1, NULL, NULL),
(30, 'عِنْدَ الإِعْرَابِ نُجَرِّدُ الكَلِمَةَ مِنْ أَحْرُفِ الزِّيَادَةِ، لِنُعْرِبَ بِالحَرَكَةِ المُصَاحِبَةِ لِآخِرِ حَرْفٍ فِيْ أَصْلِ الكَلِمَةِ', '	آخِرُ حَرْفٍ مِنْ أَصْلِ الكَلِمَةِ (سَأَلْتُكُمْ)', 'التَّاءُ', 'اللَّامُ', 'الكَافُ', 'المِيْمُ', 'اللَّامُ؛ فَأَصْلُ الكَلِمَةِ (سَأَلَ). أَمَّا التَّاءُ فَهِيَ ضَمِيْرُ مُتَكَلِّمٍ، وَالكَافُ مَعَ المِيْمِ ضَمِيْرُ مُخَاطَبٍ', 'اللَّامُ/التَّاءُ', 'اللَّامُ', 2, 1, NULL, NULL),
(31, 'نَتَجَاهَلُ عَادَةً حَرَكَةَ الضَّمَائِرِ المُتَّصِلَةِ بِالأَفْعَالِ وَالأَسْمَاءِ، وَنُعْرِبُ بِحَرَكَةِ الحَرْفِ الَّذِيْ يَسْبِقُهَا', 'عَلَامَةُ رَفْعِ الفَاعِلِ فِيْ جُمْلَةِ: تُعْجِبُنِيْ أَخْلَاقُكُمْ', 'الأَلِفُ', 'الضَّمَّةُ عَلَى القَافِ', 'الضَّمَّةُ عَلَى الكَافِ', 'السُّكُوْنُ عَلَى المِيْمِ', 'الضَّمَّةُ عَلَى القَافِ، لِأَنَّ القَافَ آخِرُ حَرْفٍ فِيْ أَصْلِ الكَلِمَةِ (خُلُقٌ)، وَ(كُمْ) ضَمِيْرٌ مُتَّصِلٌ.', 'الضَّمَّةُ عَلَى القَافِ/الضَّمَّةُ عَلَى الكَافِ', 'الضَّمَّةُ عَلَى القَافِ', 2, 1, NULL, NULL),
(32, 'يَكُوْنُ البِنَاءُ وَالإِعْرَابُ بِالحَرَكَةِ المُتَمَوْضِعَةِ عَلَى آخِرِ حَرْفٍ فِيْ أَصْلِ الكَلِمَةِ', '	فَالحَرَكَةُ الَّتِيْ يُبْنَى عَلَيْهَا الفِعْلُ فِيْ جُمْلَةِ: قَرَأْتُ الكِتَابَ', 'الفَتْحَةُ	', 'الضَّمَّةُ', 'الكَسْرَةُ', 'السُّكُوْنُ', 'السُّكُوْنُ؛ وَهِيَ حَرَكَةُ الحَرْفِ الأَخِيْرِ ( أ ) فِيْ أَصْلِ الفِعْلِ، أَمَّا التَّاءُ فَهِيَ ضَمِيْرٌ، وَلَيْسَتْ مِنَ الفِعْلِ', 'السُّكُوْنُ/الكَسْرَةُ', 'السُّكُوْنُ', 2, 1, NULL, NULL),
(33, 'كَيْ نَعْرِفَ الحَرَكَةَ الَّتِيْ يُعْرَبُ بِهَا الفِعْلُ نُحَدِّدُ أَوَّلًا آخِرَ حَرْفٍ فِيْ أَصْلِ الكَلِمَةِ', '	الحَرَكَةُ الَّتِيْ يُعْرَبُ بِهَا الفِعْلُ فِيْ جُمْلَةِ \"تُسْعِدُنِيْ مَعْرِفَتِيْ لَكَ\"', 'السُّكُوْنُ', 'الضَّمَّةُ', 'الكَسْرَةُ', 'الفَتْحَةُ', 'الضَّمَّةُ عَلَى حَرْفِ الدَّالِ، فَأَصْلُ الكَلِمَةِ (سَعِدَ) وَالنُّوْنُ وَاليَاءُ لَيْسَا مِنْ أَصْلِهَا', 'السُّكُوْنُ/الضَّمَّةُ', 'الضَّمَّةُ', 2, 1, NULL, NULL),
(34, 'نَكْتُبُ الهَمْزَةَ المُتَطَرِّفَةَ حَسْبَ حَرَكَةِ مَا قَبْلَهَا فَقَطْ', '	كُتِبَتِ الهَمْزَةُ المُتَطَرِّفَةُ بِشَكْلٍ خَاطِئٍ فِيْ كَلِمَةِ', 'الْمَبْدَأ', 'يَلْتَجِئُ', 'يَتَبَاطَؤُ', 'يَجْرُؤُ', '(يَتَبَاطَؤُ)؛ \r\nلِأَنَّ مَا قَبْلَهَا مَفْتُوْحٌ وَالفَتْحُ يُنَاسِبُهُ الأَلِفُ، وَالصَّوَابُ يَتَبَاطَأُ', 'يَلْتَجِئُ/يَتَبَاطَؤُ', 'يَتَبَاطَؤُ', 3, 1, NULL, NULL),
(35, 'أَقْوَى الحَرَكَاتِ الكَسْرَةُ ( ـــــِــــ )، يَلِيْهَا الضَّمَّةُ ( ــــــُـــــ )، يَلِيْهَا الفَتْحَةُ ( ــــــَــــــ )، وَأَضْعَفُهَا السُّكُوْنُ ( ـــــــْـــــ ).', '	تَرْتِيْبُ الحَرَكَاتِ مِنَ الأَقْوَى إِلَى الأَضْعَفِ يَكُوْنُ عَلَى النَّحْوِ الآتِيْ', 'ـــــِــــ، ــــــُـــــ، ــــــَــــــ، ـــــــْـــ    ', 'ــــــُـــــ، ـــــِــــ، ــــــَـــــ، ـــــــْـــ  ', 'ـــــَــــــ، ـــــِــــ، ــــــُـــــ، ـــــــْـــــ   ', 'ـــــــْـــــ، ـــــِــــ، ــــــَــــــ، ــــــُـــــ', '(ـــــِــــ، ــــــُـــــ، ــــــَــــــ، ـــــــْـــــ)؛ \r\nالكَسْرَةُ أَقْوَاهَا، وَالسُّكُوْنُ أَضْعَفُهَا، وَيَلِيْ الكَسْرَةَ فِيْ القُوَّةِ الضَّمَّةُ ثُمَّ الفَتْحَةُ', 'ـــــَــــــ، ـــــِــــ، ــــــُـــــ، ـــــــْــــ/ـــــِــــ، ــــــُـــــ، ــــــَــــــ، ـــــــْــ', 'ـــــِــــ، ــــــُـــــ، ــــــَــــــ، ـــــــْــ', 3, 1, NULL, NULL),
(36, 'إِذَا سُبِقَتِ الهَمْزَةُ بِحَرْفٍ مَكْسُوْرٍ نَكْتُبُهَا عَلَى نَبْرَةٍ، مِثْلُ: (مُلْتَجِئ). ', '	الصَّوَابُ فِيْ كِتَابَةِ الهَمْزَةِ عَلَى النَّحْوِ الآتِيْ', 'شَاطِأ', 'شَاطِئ', 'شَاطِؤ', 'شَاطِء', '(شَاطِئ)؛ \r\nلِأَنَّ حَرَكَةَ الحَرْفِ (الطَّاءِ) قَبْلَ الهَمْزَةِ الكَسْرَةُ، وَيُنَاسِبُهَا النَّبْرَةُ', 'شَاطِئ/شَاطِأ', 'شَاطِئ', 3, 1, NULL, NULL),
(37, 'إِنْ سُبِقَتِ الهَمْزَةُ المُتَطَرِّفَةُ بِحَرْفٍ مَفْتُوْحٍ، كَتَبْنَاهَا عَلَى أَلِفٍ، مِثْلُ: (سَبَأ). ', '	الكِتَابَةُ الصَّحِيْحَةُ لِلْهَمْزَةِ المُتَطَرِّفَةِ فِيْ كَلِمَةِ', 'خَطَأ', 'خَطَئ	', 'خَطَؤ', 'خَطَء', '(خَطَأ)؛ \r\nلِأَنَّ مَا قَبْلَ الهَمْزَةِ مَفْتُوْحٌ، وَالفَتْحُ يُنَاسِبُهُ الأَلِفُ', 'خَطَئ/خَطَأ', 'خَطَأ', 3, 1, NULL, NULL),
(38, 'إِنْ سُبِقَتِ الهَمْزَةُ المُتَطَرِّفَةُ بِحَرْفٍ سَاكِنٍ، كَتَبْنَاهَا عَلَى السَّطْرِ، مِثْلُ: (دِفْء)', '	الكِتَابَةُ الصَّحِيْحَةُ لِلْهَمْزَةِ المُتَطَرِّفَةِ فِيْ كَلِمَةِ', 'مِلْئ', 'مِلْأ', 'مِلْؤ', 'مِلْء', '(مِلْء)؛ \r\nلِأَنَّ مَا قَبْلَ الهَمْزَةِ سَاكِنٌ وَيُنَاسِبُهُ السَّطْرُ', 'مِلْء/مِلْأ', 'مِلْء', 3, 1, NULL, NULL),
(39, 'إِنْ سُبِقَتِ الهَمْزَةُ المُتَطَرِّفَةُ بِحَرْفٍ مَضْمُوْمٍ نَكْتُبُهَا عَلَى وَاوٍ (لُؤْلُؤ).', '	الكِتَابَةُ الصَّحِيْحَةُ لِلْهَمْزَةِ المُتَطَرِّفَةِ فِيْ كَلِمَةِ', 'تَبَاطُؤ', 'تَبَاطُأ	', 'تَبَاطُء', 'تَبَاطُئ', '(تَبَاطُؤ)؛ \r\nلِأَنَّ مَا قَبْلَهَا مَضْمُوْمٌ، وَيُنَاسِبُهُ الوَاوُ.', 'تَبَاطُئ/تَبَاطُؤ', 'تَبَاطُؤ', 3, 1, NULL, NULL),
(40, 'نَضَعُ الهَمْزَةَ المُتَطَرِّفَةَ عَلَى مَا يُنَاسِبُ الحَرَكَةَ الأَقْوَى لِلْهَمْزَةِ وَالحَرْفِ الَّذِيْ قَبْلَهَا، إِذَا اتَّصَلَ بِهَا ضَمِيْرٌ', '	نَكْتُبُ كَلِمَةَ (سَمَاء) عَلَى النَّحْوِ الآتِيْ عِنْدَمَا يَتَّصِلُ بِهَا ضَمِيْرٌ', 'سَمَاءُهُمْ', 'سَمَائُهُمْ	', 'سَمَاأُهُمْ', 'سَمَاؤُهُمْ', '(سَمَاؤُهُمْ)؛ \r\nلِأَنَّ الهَمْزَةَ مَضْمُوْمَةٌ مَسْبُوْقَةٌ بِسَاكِنٍ', 'سَمَاؤُهُمْ', 'سَمَاؤُهُمْ', 3, 1, NULL, NULL),
(41, 'حُرُوْفُ المَدِّ (الأَلِفُ، الوَاوُ، اليَاءُ) تَكُوْنُ سَاكِنَةً عِنْدَمَا نُطِيْلُ الصَّوْتَ فِيْ نُطْقِهَا', '	الكِتَابَةُ الخَاطِئَةُ لِلْهَمْزَةِ فِيْمَا يَلِيْ', 'سَمَاء', 'دَنِيْئ', 'لُجُوْء', 'لَجَأ', '(دَنِيْئ)؛ \r\nاليَاءُ سَاكِنَةٌ قَبْلَ الهَمْزَةِ وَلَيْسَتْ مَكْسُوْرَةً، فَالصَّوَابُ أَنْ نَكْتُبَ الهَمْزَةَ عَلَى السَّطْرِ (دَنِيْء). ', 'لَجَأ/دَنِيْئ', 'دَنِيْئ', 3, 1, NULL, NULL),
(42, 'نَكْتُبُ الهَمْزَةَ المُتَطَرِّفَةَ عَلَى مَا يُنَاسِبُ حَرَكَةَ الحَرْفِ الَّذِيْ قَبْلَهَا', '	الكِتَابَةُ الصَّحِيْحَةُ لِلْهَمْزَةِ فِيْمَا يَلِيْ', 'التَّنَبُّؤ', 'التَّنَبُّأ', 'التَّنَبُّئ', 'التَّنَبُّء', '(التَّنَبُّؤ)؛ \r\nلِأَنَّ الهَمْزَةَ مَسْبُوْقَةٌ بِحَرْفٍ مَضْمُوْمٍ، وَالضَّمَّةُ يُنَاسِبُهَا الوَاوُ', 'التَّنَبُّؤ/التَّنَبُّأ', 'التَّنَبُّؤ', 3, 1, NULL, NULL),
(43, 'نَكْتُبُ الهَمْزَةَ المُتَطَرِّفَةَ عَلَى مَا يُنَاسِبُ حَرَكَةَ الحَرْفِ الَّذِيْ قَبْلَهَا', '	نَكْتُبُ الهَمْزَةَ المُتَطَرِّفَةَ عَلَى الأَلِفِ، إِذَا كَانَتْ حَرَكَةُ الحَرْفِ الَّذِيْ قَبْلَهَا', 'الفَتْحَةَ', 'الضَّمَّةَ	', 'السُّكُوْنَ', 'الكَسْرَةَ', '(الفَتْحَة)؛ \r\nلِأَنَّ الفَتْحَةَ يُنَاسِبُهَا الأَلِفُ', 'الكَسْرَةَ/الفَتْحَةَ', 'الفَتْحَةَ', 3, 1, NULL, NULL),
(44, 'نَكْتُبُ الهَمْزَةَ المُتَطَرِّفَةَ عَلَى مَا يُنَاسِبُ حَرَكَةَ الحَرْفِ الَّذِيْ قَبْلَهَا', '	نَكْتُبُ الهَمْزَةَ المُتَطَرِّفَةَ عَلَى النَّبْرَةِ، إِذَا كَانَتْ حَرَكَةُ الحَرْفِ الَّذِيْ قَبْلَهَا', 'السُّكُوْنَ', 'الضَّمَّةَ	', 'الكَسْرَةَ', 'الفَتْحَةَ', '(الكَسْرَةَ)؛ \r\nلِأَنَّ الكَسْرَةَ يُنَاسِبُهَا النَّبْرَةُ', 'الكَسْرَةَ/الضَّمَّةَ	', 'الكَسْرَةَ', 3, 1, NULL, NULL),
(45, 'نَكْتُبُ الهَمْزَةَ المُتَطَرِّفَةَ عَلَى مَا يُنَاسِبُ حَرَكَةَ الحَرْفِ الَّذِيْ قَبْلَهَا', '	نَكْتُبُ الهَمْزَةَ المُتَطَرِّفَةَ عَلَى الوَاوِ، إِذَا كَانَتْ حَرَكَةُ الحَرْفِ الَّذِيْ قَبْلَهَا', 'الضَّمَّةَ	', 'الكَسْرَةَ', 'السُّكُوْنَ', 'الفَتْحَةَ', '(الكَسْرَةَ)؛ \r\nلِأَنَّ الكَسْرَةَ يُنَاسِبُهَا النَّبْرَةُ', 'الكَسْرَةَ/الضَّمَّةَ	', 'الكَسْرَةَ', 3, 1, NULL, NULL),
(46, 'نَكْتُبُ الهَمْزَةَ المُتَطَرِّفَةَ عَلَى مَا يُنَاسِبُ حَرَكَةَ الحَرْفِ الَّذِيْ قَبْلَهَا', '	نَكْتُبُ الهَمْزَةَ المُتَطَرِّفَةَ عَلَى الوَاوِ، إِذَا كَانَتْ حَرَكَةُ الحَرْفِ الَّذِيْ قَبْلَهَا', 'الضَّمَّةَ	', 'الكَسْرَةَ	', 'السُّكُوْنَ', 'الفَتْحَةَ', '(الضَّمَّة)؛ \r\nلِأَنَّ الضَّمَّةَ يُنَاسِبُهَا الوَاوُ', 'الضَّمَّةَ/السُّكُوْنَ', 'الضَّمَّةَ', 3, 1, NULL, NULL),
(47, 'نَكْتُبُ تَنْوِيْنَ النَّصْبِ عَلَى الهَمْزَةِ مُبَاشَرَةً وَلَيْسَ عَلَى الأَلِفِ، إِذَا كَانَتْ مَسْبُوْقَةً بِأَلِفٍ، مِثْلُ: جَزَاءً', '	الكِتَابَةُ الصَّحِيْحَةُ لِلتَّنْوِيْنِ مَعَ الهَمْزَةِ المُتَطَرِّفَةِ تَكُوْنُ كَالآتِيْ', 'سَمَاءً', 'الضَّمَّةَ	', 'بَرِيْءً', 'لُؤْلُؤً', '(سَمَاءً)؛ \r\nنَكْتُبُ التَّنْوِيْنَ عَلَى الهَمْزَةِ مُبَاشَرَةً وَلَيْسَ عَلَى الأَلِفِ؛ لِأَنَّ الهَمْزَةَ مَسْبُوْقَةٌ بِأَلِفٍ\r\n', 'بَرِيْءً/سَمَاءً', 'سَمَاءً', 3, 1, NULL, NULL),
(48, 'إِذَا كَانَتِ الهَمْزَةُ المُتَطَرِّفَةُ مَكْتُوْبَةً عَلَى الأَلِفِ، فَإِنَّ الحَرْفَ الَّذِيْ قَبْلَهَا مَفْتُوْحٌ بِالضَّرُوْرَةِ', '	حَرَكَةُ الحَرْفِ قَبْلَ الأَخِيْرِ فِيْ كَلِمَةِ (مَلَاجِئ)', 'الكَسْرَةُ', 'السُّكُوْنُ', 'الضَّمَّةُ	', 'الفَتْحَةُ', '(الكَسْرَة)؛ \r\nلِأَنَّ الهَمْزَةَ كُتِبَتْ عَلَى نَبْرَةٍ', 'السُّكُوْنُ/الكَسْرَةُ', 'الكَسْرَةُ', 3, 1, NULL, NULL),
(49, 'إِذَا كَانَتِ الهَمْزَةُ المُتَطَرِّفَةُ مَكْتُوْبَةً عَلَى الوَاوِ، فَإِنَّ الحَرْفَ الَّذِيْ قَبْلَهَا مَضْمُوْمٌ بِالضَّرُوْرَةِ', '	سُبِقَتِ الهَمْزَةُ المُتَطَرِّفَةُ فِيْ كَلِمَةِ (بُؤْبُؤ) بِحَرْفٍ', 'سَاكِنٍ', 'مَكْسُوْرٍ', 'مَضْمُوْمٍ', 'مَفْتُوْحٍ', '(مَضْمُوْم)؛ \r\nلِأَنَّ الهَمْزَةَ كُتِبَتْ عَلَى وَاوٍ', 'مَفْتُوْحٍ/مَضْمُوْمٍ', 'مَضْمُوْمٍ', 3, 1, NULL, NULL),
(50, 'نَتَعَرَّفُ إِلَى حَرَكَةِ مَا قَبْلَ الهَمْزَةِ المُتَطَرِّفَةِ مِنَ المَوْضِعِ الَّذِيْ وُضِعَتْ عَلَيْهِ الهَمْزَةُ', '	كُتِبَتِ الهَمْزَةُ عَلَى السَّطْرِ فِيْ كَلِمَةِ (يَنُوْءُ)؛ لِأَنَّ مَا قَبْلَهَا', ' سَاكِنٌ', 'مَضْمُوْمٌ', 'مَكْسُوْرٌ	', 'مَفْتُوْحٌ', '(سَاكِن)؛ \r\nلِأَنَّنَا نَنْطِقُ الوَاوَ مَمْدُوْدَةً', 'مَضْمُوْمٌ/ سَاكِنٌ', ' سَاكِنٌ', 3, 1, NULL, NULL),
(51, 'ال القَمَرِيَّةُ تُكْتَبُ وَتُنْطَقُ، مِثْلُ: الإِسْلَامِ، القُرْآنِ، الهُدَى', '	ال القَمَرِيَّةُ فِيْمَا يَلِيْ', 'الكِتَابُ', 'التُّقَى', 'الدِّيْنُ', 'الرَّبِيْعُ', 'الكِتَاب؛ \r\nلِأَنَّ ال التَّعْرِيْفِ تُنْطَقُ قَبْلَ حَرْفِ الكَافِ', 'التُّقَى/الكِتَابُ	', 'الكِتَابُ	', 4, 1, NULL, NULL),
(52, 'سُمِّيَتْ ال القَمَرِيَّةُ بِهَذَا الاسْمِ؛ لِأَنَّهَا تُنْطَقُ مِثْلَ ال التَّعْرِيْفِ فِيْ كَلِمَةِ: القَمَرِ', '	ال القَمَرِيَّةُ فِيْمَا يَلِيْ', 'السَّمَاءُ', 'القُدْرَةُ	', 'التَّعَاوُنُ	', 'الثَّبَاتُ', 'القُدْرَة؛ نَنْطِقُ ال التَّعْرِيْفِ قَبْلَ القَافِ', 'السَّمَاءُ/القُدْرَةُ', 'السَّمَاءُ', 4, 1, NULL, NULL),
(53, 'ال الشَّمْسِيَّةُ تُكْتَبُ وَلَا تُنْطَقُ، مِثَالٌ: الصَّدِيْقُ، الطَّاقَةُ، التَّوَكُّلُ', '	ال الشَّمْسِيَّةُ فِيْمَا يَلِيْ', 'الثَّبَاتُ	', 'الجَبَلُ', 'الكِبْرِيَاءُ', 'الكَرَامَةُ', 'الثَّبَات؛ \r\nلِأَنَّنَا لَا نَنْطِقُ ال التَّعْرِيْفِ قَبْلَ حَرْفِ الثَّاءِ', 'الثَّبَاتُ/الجَبَلُ', 'الثَّبَاتُ', 4, 1, NULL, NULL),
(54, 'سُمِّيَتْ ال الشَّمْسِيَةُ بِهَذَا الاسْمِ؛ لِأَنَّهَا لَا تُنْطَقُ مِثْلَ ال التَّعْرِيْفِ فِيْ كَلِمَةِ الشَّمْسِ', '	ال الشَّمْسِيَّةُ فِيْمَا يَلِيْ', 'البِلَادُ', 'الشَّمَالُ	', 'الخَيْمَةُ	', 'الحَقُّ', ' الشَّمَال؛ إِذْ يَصْعُبُ نُطْقُ ال التَّعْرِيْفِ مَعَ حَرْفِ الشِّيْنِ', 'البِلَادُ/الشَّمَالُ', 'الشَّمَالُ', 4, 4, NULL, NULL),
(55, 'الحُرُوْفُ الَّتِيْ تَسْبِقُهَا ال الشَّمْسِيَّةُ: ت، ث، د، ذ، ر، ز، س، ش، ص، ض، ط، ظ، ن، ل.', '	ال الشَّمْسِيَّةُ فِيْمَا يَلِيْ', 'البَرَكَةُ', 'الحُرِّيَّةُ	', 'النِّسْيَانُ', 'العُمُر', 'النِّسْيَان؛ لَا نَنْطِقُ ال التَّعْرِيْفِ قَبْلَ حَرْفِ النُّوْنِ', 'البَرَكَةُ/النِّسْيَانُ	', 'النِّسْيَانُ	', 4, 1, NULL, NULL),
(56, ':لَقَدْ جَمَعَ الشَّاعِرُ الحُرُوْفَ الَّتِيْ تَسْبِقُهَا ال الشَّمْسِيَّةُ فِيْ بِدَايَةِ كُلِّ كَلِمَةٍ مِمَّا يَلِيْ \r\nطِبْ ثُمَّ صِلْ رَحِمًا تَفُزْ صِفْ ذَا نِعَمْ     دَعْ سُــــوءَ ظَــنٍّ زُرْ شَـرِيْفًا لِلْكَــرَمْ\r\n', '	مِنَ الحُرُوْفِ الَّتِيْ تَسْبِقُهَا ال الشَّمْسِيَّةُ', 'الغَيْنُ وَالحَاءُ	', 'الأَلِفُ وَالبَاءُ', 'الطَّاءُ وَالثَّاءُ', 'الجِيْمُ وَالكَافُ', 'الطَّاءُ وَالثَّاءُ: كَأَنْ نَقُوْلَ: الطَّرِيْقُ، الثَّبَاتُ', 'الجِيْمُ وَالكَافُ/الطَّاءُ وَالثَّاءُ', 'الطَّاءُ وَالثَّاءُ', 4, 1, NULL, NULL),
(57, 'لَقَدْ جُمِعَتِ الحُرُوْفُ الَّتِيْ تَسْبِقُهَا ال القَمَرِيَّةُ فِيْ: أَبْغِ حُجَّكَ وَخَفْ عَقِيْمَهُ', '	مِنَ الحُرُوْفِ الَّتِيْ تَسْبِقُهَا ال القَمَرِيَّةُ', 'الصَّادُ وَالرَّاءُ	', 'الذَّالُ وَالنُّوْنُ', 'الدَّالُ وَالسِّيْنُ', 'الوَاوُ وَالخَاءُ', 'الوَاوُ وَالخَاءُ: كَمَا فِيْ كَلِمَتَيِ (الوَاسِعِ، الخَبِيْرِ)', 'الوَاوُ وَالخَاءُ/الصَّادُ وَالرَّاءُ', 'الوَاوُ وَالخَاءُ', 4, 1, NULL, NULL),
(58, 'عَلَامَةُ ال الشَّمْسِيَّةِ أَنَّ الحَرْفَ بَعْدَهَا يَكُوْنُ مُضَعَّفًا، مِثْلُ: (السَّعِيْدِ، الشَّرَفِ، الظَّنِّ)', '	ال التَّعْرِيْفِ الَّتِيْ يَتْبَعُهَا حَرْفٌ مُضَعَّفٌ', 'الحَجُّ', 'النُّبُوَّةُ', 'الخَيْر', 'القُدْوَةُ', 'النُّبُوَّة: ال الشَّمْسِيَّةُ لِأَنَّ النُّوْنَ بَعْدَهَا مُضَعَّفَةٌ', 'الحَجُّ/النُّبُوَّةُ	', 'النُّبُوَّةُ	', 4, 1, NULL, NULL),
(59, 'كَمَا يَخْتَفِيْ لَفْظُ ال الشَّمْسِيَّةِ تَمَامًا عِنْدَمَا تُسْبَقُ بِحَرْفِ الوَاوِ، مِثْلُ: (وَالتِّيْنِ، وَالزَّيْتُوْنِ)', '	ال القَمَرِيَّةُ فِيْمَا يَلِيْ', 'وَالْقِيَمُ', 'وَالدَّعْوَةُ', 'وَالثِّمَارُ', 'وَالرَّحْمَةُ', 'وَالْقِيَمُ: ال القَمَرِيَّةُ؛ لِأَنَّ القَافَ بَعْدَهَا غَيْرُ مُشَدَّدٍ (مُضَعَّفٍ)', 'وَالدَّعْوَةُ/وَالْقِيَمُ', 'وَالْقِيَمُ', 4, 1, NULL, NULL),
(60, 'مِنَ الأَخْطَاءِ الشَّائِعَةِ فِيْ كِتَابَةِ ال القَمَرِيَّةِ: وَضْعُ رَأْسِ العَيْنِ (ء) أَعْلَى الأَلِفِ، مِثْلُ: ألغَبَاءِ، ألمَدِيْنَةِ. ', '	الصَّوَابُ فِيْ كِتَابَةِ الهَمْزَةِ فِيْمَا يَلِيْ', 'أَلْتَقِي', 'أَلْقَنَاةُ', 'أَلْجِبَالُ', 'أَلْحَنِيْنُ', 'أَلْتَقِي؛ لِأَنَّهَا فِعْلٌ مُضَارِعٌ، وَلَوْ كَانَتِ اسْمًا بِــ (ال القَمَرِيَّةِ) لَكُتِبَتْ مِنْ غَيْرِ رَأْسِ العَيْنِ (ء).\r\nاللَّامُ فِيْ ال القَمَرِيَّةِ سَاكِنَةٌ.\r\n', 'أَلْقَنَاةُ/أَلْتَقِي', 'أَلْتَقِي', 4, 1, NULL, NULL),
(61, 'اللَّامُ فِيْ ال القَمَرِيَّةِ سَاكِنَةٌ', '	اللَّامُ السَّاكِنَةُ فِيْمَا يَلِيْ', 'السَّمِيْعُ	', 'البَدِيْعُ', 'الشَّفِيْعُ', 'الرَّحِيْمُ', 'اللَّامُ فِيْ البَدِيْعِ؛ لِأَنَّهَا قَمَرِيَّةٌ. فِيْ حِيْنِ أَنَّ اللَّامَ شَمْسِيَّةٌ لَا تُنْطَقُ فِيْ الأَسْمَاءِ الأُخْرَى', 'السَّمِيْعُ/البَدِيْعُ', 'البَدِيْعُ', 4, 1, NULL, NULL),
(62, 'عَلَامَةُ ال القَمَرِيَّةِ أَنَّ الحَرْفَ الَّذِيْ يَأْتِيْ بَعْدَهَا يَكُوْنُ مُتَحَرِّكًا دَائِمًا، فَلَا يَقْبَلُ التَّشْدِيْدَ وَلَا السُّكُوْنَ', '	الحَرْفُ المُتَحَرِّكُ دُوْنَ تَضْعِيْفٍ أَوْ تَشْدِيْدٍ بَعْدَ ال التَّعْرِيْفِ', 'التَّأْرِيْخُ', 'الطَّبِيْبُ', 'الجَبَّارُ', 'الصَّدِيْقُ', 'الجَبَّارُ: فَاللَّامُ القَمَرِيَّةُ سَاكِنَةٌ، لِذَلِكَ لَا بُدَّ لِلْحَرْفِ بَعْدَهَا أَنْ يَكُوْنَ مُتَحَرِّكًا', 'التَّأْرِيْخُ/الجَبَّارُ', 'الجَبَّارُ', 4, 1, NULL, NULL),
(63, 'مِنَ الأَخْطَاءِ الشَّائِعَةِ فِيْ ال الشَّمْسِيَّةِ وَال القَمَرِيَّةِ، كِتَابَتُهَا كَمَا تُنْطَقُ', '	الخَطَأُ فِيْمَا يَلِيْ', 'أَحْسِنِ الظَّنَّ بِالمُسْلِمِيْنَ ', 'رِفْقًا بِالضَّعِيْفِ الْمِسْكِيْنِ ', 'لِتَّائِبِيْنَ جَنَّاتٌ وَعُيُوْنٌ', 'اِسْتَعِنْ بِاللَّطِيْفِ الخَبِيْرِ ', 'لِتَّائِبِيْنَ جَنَّاتٌ وَعُيُوْنٌ، وَالصَّوَابُ: لِلتَّائِبِيْنَ، وَقَدْ شَاعَ خَطَأُ حَذْفِهَا بَعْدَ لَامِ الجَرِّ؛ لِأَنَّهَا لَا تُنْطَقُ', 'اِسْتَعِنْ بِاللَّطِيْفِ الخَبِيْرِ/لِتَّائِبِيْنَ جَنَّاتٌ وَعُيُوْنٌ', 'لِتَّائِبِيْنَ جَنَّاتٌ وَعُيُوْنٌ', 4, 1, NULL, NULL),
(64, 'كَذَلِكَ يُخْطِئُ بَعْضُهُمْ بِحَذْفِ الأَلِفِ مِنْ ال القَمَرِيَّةِ عِنْدَمَا تُسْبَقُ بِحَرْفِ جَرٍّ', '	الصَّوَابُ فِيْ كِتَابَةِ ال القَمَرِيَّةِ', 'اللهُ رَؤُوْفٌ بِالْمُؤْمِنِيْنَ  ', 'كَتَبْتُ بِـلْـقَلَمِ ', 'أَخِيْ فِـلْحَدِيْقَةِ', 'أَدَّيْتُ مَنَاسِكَ لْحَجِّ وَلْعُمْرَةِ ', 'اللهُ رَؤُوْفٌ بِالْمُؤْمِنِيْنَ؛ لِأَنَّ أَلِفَ ال القَمَرِيَّةِ تُكْتَبُ وَإِنْ لَمْ تُنْطَقْ', 'اللهُ رَؤُوْفٌ بِالْمُؤْمِنِيْنَ/أَخِيْ فِـلْحَدِيْقَةِ', 'اللهُ رَؤُوْفٌ بِالْمُؤْمِنِيْنَ  ', 4, 1, NULL, NULL),
(65, 'نَحْذِفُ الأَلِفَ مِنْ ال التَّعْرِيْفِ عِنْدَمَا تَتَّصِلُ بِهَا لَامُ الجَرِّ أَوِ الابْتِدَاءِ، أَوْ هَمْزَةُ الاسْتِفْهَامِ', '	الصَّوَابُ فِيْ كِتَابَةِ ال التَّعْرِيْفِ', 'أَالْغِذَاءُ أَفْضَلُ مِنَ الدَّوَاءِ؟', 'لِلْمُتَّقِيْنَ جَنَّاتٌ', 'أَالْعِلْمُ خَيْرٌ مِنَ المَالِ؟', 'فِيْ لْبَيْتِ', 'لِلْمُتَّقِيْنَ جَنَّاتٌ؛ لِاتِّصَالِهَا بِاللَّامِ', 'لِلْمُتَّقِيْنَ جَنَّاتٌ/أَالْغِذَاءُ أَفْضَلُ مِنَ الدَّوَاءِ؟', 'لِلْمُتَّقِيْنَ جَنَّاتٌ	', 4, 1, NULL, NULL),
(66, 'كَمَا تُحْذَفُ ال التَّعْرِيْفِ، إِذَا سُبِقَتْ بِلَامِ الجَرِّ وَابْتَدَأَتِ الكَلِمَةُ بِحَرْفِ اللَّامِ', '	الخَطَأُ فِيْ كِتَابَةِ ال التَّعْرِيْفِ فِيْ جُمْلَةِ', ' لِلَّيْمُوْنِ فَوَائِدُهُ	', ' لِلَّحْمِ مَذَاقُهُ اللَّذِيْذُ', 'لِلهِ دَرُّكَ', 'غَيْرِ ذَلِكَ', 'غَيْر ذَلِكَ؛ فَحَذْفُ ال التَّعْرِيْفِ وَاجِبٌ بَيْنَ لَامِ الجَرِّ وَاللَّامِ فِيْ أَصْلِ الكَلِمَةِ', 'لِلَّحْمِ مَذَاقُهُ اللَّذِيْذُ/ لِلَّيْمُوْنِ فَوَائِدُهُ', 'لِلَّيْمُوْنِ فَوَائِدُهُ', 4, 1, NULL, NULL),
(67, 'التَّاءُ المَفْتُوْحَةُ كَمَا يُوْحِيْ اسْمُهَا تَكُوْنُ مَفْتُوْحَةً وَيَعْلُوْهَا نُقْطَتَانِ', '	التَّاءُ المَفْتُوْحَةُ تَنْتَهِيْ بِهَا كَلِمَةُ', 'أَوْقَاتٍ', 'أَفْوَاهٍ', 'سِتْرَةٍ', 'سَيَّارَةٍ', 'أَوْقَات؛ جَمْعُ وَقْتٍ، وَهُوَ اسْمٌ مُذَكَّرٌ، فَالتَّاءُ أَصْلِيَّةٌ فِيْ الكَلِمَةِ، وَلَيْسَتْ مُنْقَلِبَةً عَنْ تَاءٍ مَرْبُوْطَةٍ', 'أَفْوَاهٍ/أَوْقَاتٍ', 'أَوْقَاتٍ', 5, 1, NULL, NULL),
(68, 'التَّاءُ المَرْبُوْطَةُ تَأْتِيْ عَلَى شَكْلِ دَائِرَةٍ أَعْلَاهَا نُقْطَتَانِ', '	التَّاءُ المَرْبُوْطَةُ فِيْ كَلِمَةِ', 'طَيْبَةَ', 'طَابَتْ', 'غَيْرِ ذَلِكَ', 'طَيِّبَاتٍ', 'طَيْبَة؛ اِسْمٌ مُؤَنَّثٌ، وَتُنْطَقُ التَّاءُ المَرْبُوْطَةُ هَاءً عِنْدَ الوَقْفِ، وَتَاءً عِنْدَ تَحْرِيْكِهَا', 'طَيِّبَاتٍ/طَيْبَةَ', 'طَيْبَةَ', 5, 1, NULL, NULL),
(69, 'الهَاءُ، وَالتَّاءُ المَفْتُوْحَةُ، كِلَاهُمَا يُنْطَقُ فِيْ حَالَتَيِ التَّحْرِيْكِ وَالوَقْفِ', '	الهَاءُ فِيْ نِهَايَةِ كَلِمَةِ:', 'شَبِيْهَةٍ', 'بِيْئَةٍ', 'إِلَيْهَا', 'شَبَهٍ', 'شَبَه؛ لِأَنَّهَا تُنْطَقُ هَاءً فِيْ حَالَتَيِ الوَقْفِ وَالتَّحْرِيْكِ', 'بِيْئَةٍ/شَبَهٍ', 'شَبَهٍ', 5, 1, NULL, NULL),
(70, '	الكَلِمَةُ الَّتِيْ يُنْطَقُ الحَرْفُ الأَخِيْرُ فِيْهَا تَاءً', '	الكَلِمَةُ الَّتِيْ يُنْطَقُ الحَرْفُ الأَخِيْرُ فِيْهَا تَاءً', 'وَجْهٌ', 'مَكْرُمَةٌ', 'اِتِّجَاهٌ', 'إِلَهٌ', 'مَكْرُمَةٌ؛ مَا يَدُلُّ عَلَى أَنَّهَا التَّاءُ المَرْبُوْطَةُ، وَلَيْسَتِ الهَاءَ.', 'وَجْهٌ/مَكْرُمَةٌ	', 'مَكْرُمَةٌ	', 5, 1, NULL, NULL),
(71, 'التَّاءُ المَرْبُوْطَةُ تُنْطَقُ هَاءً عِنْدَ الوَقْفِ فَقَطْ، وَتَاءً عِنْدَ تَحْرِيْكِهَا', '	الكَلِمَةُ الَّتِيْ نَنْطِقُ الحَرْفَ الأَخِيْرَ فِيْهَا هَاءً', 'إِكْرَاهٌ', 'كُرَةٌ', 'اِمْرَأَةٌ', 'دَائِرَةٌ', 'إِكْرَاهٌ؛ مَا يَدُلُّ عَلَى أَنَّهَا الهَاءُ، وَلَيْسَتِ التَّاءَ المَرْبُوْطَةَ', 'كُرَةٌ/إِكْرَاهٌ', 'إِكْرَاهٌ', 5, 1, NULL, NULL),
(72, 'الهَاءُ تُكْتَبُ دُوْنَ نُقْطَتَيْنِ خِلَافًا لِلتَّاءِ المَرْبُوْطَةِ وَالتَّاءِ المَفْتُوْحَةِ.', '	تُنْطَقُ نِهَايَةُ كَلِمَةِ (الاشْتِبَاهِ)', 'بِالتَّاءِ', 'بِالهَاءِ', 'غَيْرَ ذَلِكَ', 'بِالبَاء', 'مَا يُمَيِّزُ التَّاءَ المَرْبُوْطَةَ أَنَّهَا تَأْتِيْ مَعَ الأَسْمَاءِ المُؤَنَّثَةِ غَالِبًا', 'بِالتَّاءِ/بِالهَاءِ', 'بِالهَاءِ', 5, 1, NULL, NULL),
(73, ' إِذَا نُطِقَتِ التَّاءُ تَاءً عِنْدَ الوَقْفِ، فَهِيَ مَفْتُوْحَةٌ وَلَيْسَتْ مَرْبُوْطَةً', '	التَّاءُ فِيْ كَلِمَةِ \"المُدَرِّسَاتْ\"', 'مَفْتُوْحَةٌ	', 'مَرْبُوْطَةٌ', 'كِلَاهُمَا', 'غَيْرُ ذَلِكَ', 'مَفْتُوْحَةٌ؛ وَهَذَا مَا يَتَّضِحُ مِنْ شَكْلِهَا، وَمِنْ نُطْقِهَا تَاءً عِنْدَ الوَقْفِ', 'مَرْبُوْطَةٌ/مَفْتُوْحَةٌ	', 'مَفْتُوْحَةٌ	', 5, 1, NULL, NULL),
(74, 'مَا يُمَيِّزُ التَّاءَ المَرْبُوْطَةَ أَنَّهَا تَأْتِيْ مَعَ الأَسْمَاءِ المُؤَنَّثَةِ غَالِبًا', '	كَانَتْ .......... مُؤَثِّرَةً', 'القِصَّتُو', 'القِصَّهُ', 'القِصَّتُ	', 'القِصَّةُ	', 'القِصَّةُ؛ بِالتَّاءِ المَرْبُوْطَةِ لِأَنَّهَا اسْمٌ مُؤَنَّثٌ، تُنْطَقُ بِالهَاءِ عِنْدَ الوَقْفِ وَبِالتَّاءِ عِنْدَ تَحْرِيْكِهَا.	', 'القِصَّتُ/القِصَّةُ', 'القِصَّةُ', 5, 1, NULL, NULL),
(75, 'يَنْتَهِيْ جَمْعُ المُؤَنَّثِ السَّالِمُ بِأَلِفٍ وَتَاءٍ مَفْتُوْحَةٍ، لَكِنَّ مُفْرَدَهُ يَنْتَهِيْ بِتَاءٍ مَرْبُوْطَةٍ، مِثْلُ : مُعَلِّمَات: مُعَلِّمَة.  ', '	مُفْرَدُ كَلِمَةِ \"مُدَرِّسَات\"', 'مُدَرِّسَة	', 'مُدَرِّس', 'مَدْرَسَة	', 'تَدْرِيْس', 'مُدَرِّسَة؛ فَالتَّاءُ مَفْتُوْحَةٌ فِيْ مُدَرِّسَات لِأَنَّهَا جَمْعُ مُؤَنَّثٍ سَالِمٌ لِلْمُفْرَدِ (مُدَرِّسَة)', 'مُدَرِّس/مُدَرِّسَة', 'مُدَرِّسَة', 5, 1, NULL, NULL),
(76, 'جَمْعُ المُفْرَدِ المُنْتَهِيْ بِتَاءٍ مَرْبُوْطَةٍ يَكُوْنُ غَالِبًا مُنْتَهِيًا بِأَلِفٍ وَتَاءٍ، مِثْلُ: مُعَلِّمَة: مُعَلِّمَات', 'لجَمْعُ مِنْ كَلِمَةِ \"طَالِبَة\"', 'طَلَبَة', 'طُلَّاب	', 'طَلَبَات	', 'طَالِبَات	', 'طَالِبَات؛ كُلُّ مُفْرَدٍ مُؤَنَّثٍ يَنْتَهِيْ بِتَاءٍ مَرْبُوْطَةٍ يُجْمَعُ بِزِيَادَةِ أَلِفٍ وَتَاءٍ مَفْتُوْحَةٍ فِيْ آخِرِهِ', 'طُلَّاب/طَالِبَات', 'طَالِبَات', 5, 1, NULL, NULL),
(77, 'يُمْكِنُ التَّمْيِيْزُ بَيْنَ التَّاءَيْنِ المَرْبُوْطَةِ وَالمَفْتُوْحَةِ مِنْ خِلَالِ نَوْعِ الكَلِمَةِ الَّتِيْ تَتَّصِلَانِ بِهَا', '	نَوْعُ الكَلِمَةِ الَّتِيْ اتَّصَلَتْ بِهَا التَّاءُ المَرْبُوْطَةُ \"رَحْمَة\"', 'اِسْمٌ', 'فِعْلٌ', 'حَرْفٌ', 'غَيْرُ ذَلِكَ', 'اِسْمٌ؛ فَالتَّاءُ المَرْبُوْطَةُ لَا تَتَّصِلُ إِلَّا بِالأَسْمَاءِ، خِلَافًا لِلتَّاءِ المَفْتُوْحَةِ الَّتِيْ تَتَّصِلُ بِالاسْمِ وَالفِعْلِ وَالحَرْفِ', 'فِعْلٌ/اِسْمٌ', 'اِسْمٌ', 5, 1, NULL, NULL),
(78, NULL, '		يَتَّضِحُ مِنْ مَوَاضِعِ التَّاءِ المَفْتُوْحَةِ، مِثْلُ: (وَقْتٍ، مَاتَ، لَيْتَ)، أَنَّهَا تَتَّصِلُ بِــــ', 'الحَرْفِ', 'الاسْمِ', 'الفِعْلِ', 'جَمِيْعِ مَا ذُكِرَ', 'جَمِيْع مَا ذُكِرَ؛ اتِّصَالُ التَّاءِ المَفْتُوْحَةِ بِالفِعْلِ وَالاسْمِ وَالحَرْفِ هُوَ مَا يُمَيِّزُهَا مِنَ التَّاءِ المَرْبُوْطَةِ.', 'جَمِيْعِ مَا ذُكِرَ', 'جَمِيْعِ مَا ذُكِرَ', 5, 1, NULL, NULL),
(79, 'لِنُمَيِّزَ التَّاءَ المَرْبُوْطَةَ مِنَ المَفْتُوْحَةِ نَنْطِقُهَا سَاكِنَةً، فَيَكُوْنُ نُطْقُهَا كَالهَاءِ.', '	الخَطَأُ فِيْ كِتَابَةِ الهَاءِ فِيْمَا يَلِيْ', 'رَحْمَة', 'بِنْت', 'اللَّة', 'إِمَامَة', 'اللَّة: الصَّوَابُ فِيْ لَفْظِ الجَلَالَةِ أَنْ نَكْتُبَهُ بِالهَاءِ؛ لِأَنَّهُ يُنْطَقُ هَاءً عِنْدَ الوَقْفِ وَالتَّحْرِيْكِ', 'رَحْمَة/اللَّة', 'اللَّة', 5, 1, NULL, NULL),
(80, 'تَتَمَيَّزُ التَّاءُ المَرْبُوْطَةُ ( ة ) بِأَنَّهَا تَتَّصِلُ بِالأَسْمَاءِ المُؤَنَّثَةِ غَالِبًا', '	الصَّوَابُ فِيْ كِتَابَةِ التَّاءِ', 'رَائِحَةٌ زَكِيَّةٌ', 'رَائِحَتٌ زَكِيَّةٌ', 'رَائِحَتُنْ زَكِيَّةٌ', 'كُلُّهَا خَطَأٌ', 'رَائِحَةٌ زَكِيَّةٌ؛ لِأَنَّهَا تُلْفَظُ هَاءً عِنْدَ الوَقْفِ', 'رَائِحَتٌ زَكِيَّةٌ/رَائِحَةٌ زَكِيَّةٌ', 'رَائِحَةٌ زَكِيَّةٌ', 5, 1, NULL, NULL),
(81, 'تَتَّصِلُ التَّاءُ المَفْتُوْحَةُ بِالفِعْلِ المَاضِيْ، وَلَا تَتَّصِلُ بِفِعْلِ الأَمْرِ أَوِ الفِعْلِ المُضَارِعِ', '	الفِعْلُ الَّذِيْ اتَّصَلَتْ بِهِ التَّاءُ المَفْتُوْحَةُ', 'آمَنْتُ', 'أَوْقَاتٌ', 'جَرِيْئَةٌ', 'اِحْتِفَالَاتٌ', 'آمَنْتُ؛ فَالتَّاءُ المَفْتُوْحَةُ تَتَّصِلُ بِالأَفْعَالِ خِلَافًا لِلتَّاءِ المَرْبُوْطَةِ', 'أَوْقَاتٌ/آمَنْتُ', 'آمَنْتُ', 5, 1, NULL, NULL),
(82, 'تَتَحَوَّلُ التَّاءُ المَرْبُوْطَةُ إِلَى تَاءٍ مَفْتُوْحَةٍ عِنْدَمَا يَتَّصِلُ بِهَا ضَمِيْرٌ', '	الصَّوَابُ فِيْ كِتَابَةِ التَّاءِ', 'مَدْرَسَتِيْ', 'أَنَا دَرَسْتُو النَّحْوَ', 'أَنْتِ دَرَسْتِي بِجِدٍّ', 'هِيَ دَرَسَةْ طَوَالَ اللَّيْلِ', 'مَدْرَسَتِيْ؛ لِأَنَّ أَصْلَهَا: مَدْرَسَة، وَاتَّصَلَ بِهَا ضَمِيْرٌ', 'أَنَا دَرَسْتُو النَّحْوَ/مَدْرَسَتِيْ', 'مَدْرَسَتِيْ', 5, 1, NULL, NULL);

-- --------------------------------------------------------

--
-- Table structure for table `students`
--

CREATE TABLE `students` (
  `id` bigint(20) UNSIGNED NOT NULL,
  `username` varchar(255) COLLATE utf8mb4_unicode_ci DEFAULT NULL,
  `number` varchar(255) COLLATE utf8mb4_unicode_ci DEFAULT NULL,
  `email` varchar(255) COLLATE utf8mb4_unicode_ci DEFAULT NULL,
  `email_verified` tinyint(1) NOT NULL DEFAULT 0,
  `gender` varchar(255) COLLATE utf8mb4_unicode_ci DEFAULT NULL,
  `avatar` varchar(255) COLLATE utf8mb4_unicode_ci DEFAULT NULL,
  `score` varchar(255) COLLATE utf8mb4_unicode_ci DEFAULT '0',
  `current_level` varchar(255) COLLATE utf8mb4_unicode_ci DEFAULT '1',
  `current_competition` varchar(255) COLLATE utf8mb4_unicode_ci DEFAULT '1',
  `current_question` varchar(255) COLLATE utf8mb4_unicode_ci DEFAULT '1',
  `fifty_fifty` varchar(255) COLLATE utf8mb4_unicode_ci DEFAULT '0',
  `skip` varchar(255) COLLATE utf8mb4_unicode_ci DEFAULT '0',
  `share` varchar(255) COLLATE utf8mb4_unicode_ci DEFAULT '0',
  `audience` varchar(255) COLLATE utf8mb4_unicode_ci DEFAULT '0',
  `standard_fifty_fifty` varchar(255) COLLATE utf8mb4_unicode_ci DEFAULT '0',
  `standard_skip` varchar(255) COLLATE utf8mb4_unicode_ci DEFAULT '0',
  `standard_share` varchar(255) COLLATE utf8mb4_unicode_ci DEFAULT '0',
  `standard_audience` varchar(255) COLLATE utf8mb4_unicode_ci DEFAULT '0',
  `users_id` bigint(20) UNSIGNED NOT NULL,
  `created_at` timestamp NULL DEFAULT NULL,
  `updated_at` timestamp NULL DEFAULT NULL
) ENGINE=InnoDB DEFAULT CHARSET=utf8mb4 COLLATE=utf8mb4_unicode_ci;

--
-- Dumping data for table `students`
--

INSERT INTO `students` (`id`, `username`, `number`, `email`, `email_verified`, `gender`, `avatar`, `score`, `current_level`, `current_competition`, `current_question`, `fifty_fifty`, `skip`, `share`, `audience`, `standard_fifty_fifty`, `standard_skip`, `standard_share`, `standard_audience`, `users_id`, `created_at`, `updated_at`) VALUES
(1, 'testuser', '123456789', 'hello@example.com', 0, 'male', NULL, '0', '1', '1', '1', '0', '0', '0', '0', '0', '0', '0', '0', 3, NULL, '2021-04-13 13:48:57');

-- --------------------------------------------------------

--
-- Table structure for table `teachers`
--

CREATE TABLE `teachers` (
  `id` bigint(20) UNSIGNED NOT NULL,
  `created_at` timestamp NULL DEFAULT NULL,
  `updated_at` timestamp NULL DEFAULT NULL
) ENGINE=InnoDB DEFAULT CHARSET=utf8mb4 COLLATE=utf8mb4_unicode_ci;

-- --------------------------------------------------------

--
-- Table structure for table `users`
--

CREATE TABLE `users` (
  `id` bigint(20) UNSIGNED NOT NULL,
  `email` varchar(255) COLLATE utf8mb4_unicode_ci DEFAULT NULL,
  `password` varchar(255) COLLATE utf8mb4_unicode_ci DEFAULT NULL,
  `api_token` varchar(600) COLLATE utf8mb4_unicode_ci DEFAULT NULL,
  `type` varchar(255) COLLATE utf8mb4_unicode_ci DEFAULT NULL,
  `created_at` timestamp NULL DEFAULT NULL,
  `updated_at` timestamp NULL DEFAULT NULL
) ENGINE=InnoDB DEFAULT CHARSET=utf8mb4 COLLATE=utf8mb4_unicode_ci;

--
-- Dumping data for table `users`
--

INSERT INTO `users` (`id`, `email`, `password`, `api_token`, `type`, `created_at`, `updated_at`) VALUES
(3, 'hello@example.com', '12345678', 'eyJ0eXAiOiJKV1QiLCJhbGciOiJSUzI1NiJ9.eyJhdWQiOiIxIiwianRpIjoiOGI1OGUwOWNhZmNjMDg0YTBlYmU1ODM1NmQ4YjYyMjNiM2RkNTc2Y2ZmYTFhZjg4NDU1OTMyMmRjOTkxMzk0MDhkZjA2YTU0ZTVjODJiOTQiLCJpYXQiOiIxNjE4MzM4ODk3LjMzNTE0MSIsIm5iZiI6IjE2MTgzMzg4OTcuMzM1MTUwIiwiZXhwIjoiMTY0OTg3NDg5Ny4zMTkyMjgiLCJzdWIiOiIzIiwic2NvcGVzIjpbXX0.RbbY-joZN5qUi8lbwS2ri0sB5e5TV4s80mwnnffK_Rh7LpSUTCQElYoqmRVZkGuNtghoAOuZRj5664Zm_xDBfw', 'student', '2021-03-25 13:46:25', '2021-04-13 13:34:57'),
(4, 'asdf@gmail.com', 'wertyuiop', 'eyJ0eXAiOiJKV1QiLCJhbGciOiJSUzI1NiJ9.eyJhdWQiOiIxIiwianRpIjoiZWE1YmI0NjVlNjVlNDg3YTk4ODVmNWRjMWY4MDlmZTM0NTg2MzkxNGM4MmMwMjg3OGFmNjQzYWJlZjA5ZDhhM2QyNTEwMmMyYWQwOWZlZjYiLCJpYXQiOiIxNjE3NTU4NjU0LjkxODIwOCIsIm5iZiI6IjE2MTc1NTg2NTQuOTE4MjEzIiwiZXhwIjoiMTY0OTA5NDY1NC45MDUwNjQiLCJzdWIiOiI0Iiwic2NvcGVzIjpbXX0.hv79yFCyA4Sk4oa8qVLVfg4oYDERbZmJIGv7LN8QOiHS0ARXCdzwrbA57115KGxIEdyXX8OEQ5zkKKbiWJyWoQ', 'student', '2021-04-04 12:50:54', '2021-04-04 12:50:54');

--
-- Indexes for dumped tables
--

--
-- Indexes for table `competitions`
--
ALTER TABLE `competitions`
  ADD PRIMARY KEY (`id`),
  ADD KEY `competitions_level_id_foreign` (`level_id`);

--
-- Indexes for table `failed_jobs`
--
ALTER TABLE `failed_jobs`
  ADD PRIMARY KEY (`id`),
  ADD UNIQUE KEY `failed_jobs_uuid_unique` (`uuid`);

--
-- Indexes for table `levels`
--
ALTER TABLE `levels`
  ADD PRIMARY KEY (`id`);

--
-- Indexes for table `migrations`
--
ALTER TABLE `migrations`
  ADD PRIMARY KEY (`id`);

--
-- Indexes for table `oauth_access_tokens`
--
ALTER TABLE `oauth_access_tokens`
  ADD PRIMARY KEY (`id`),
  ADD KEY `oauth_access_tokens_user_id_index` (`user_id`);

--
-- Indexes for table `oauth_auth_codes`
--
ALTER TABLE `oauth_auth_codes`
  ADD PRIMARY KEY (`id`),
  ADD KEY `oauth_auth_codes_user_id_index` (`user_id`);

--
-- Indexes for table `oauth_clients`
--
ALTER TABLE `oauth_clients`
  ADD PRIMARY KEY (`id`),
  ADD KEY `oauth_clients_user_id_index` (`user_id`);

--
-- Indexes for table `oauth_personal_access_clients`
--
ALTER TABLE `oauth_personal_access_clients`
  ADD PRIMARY KEY (`id`);

--
-- Indexes for table `oauth_refresh_tokens`
--
ALTER TABLE `oauth_refresh_tokens`
  ADD PRIMARY KEY (`id`),
  ADD KEY `oauth_refresh_tokens_access_token_id_index` (`access_token_id`);

--
-- Indexes for table `password_resets`
--
ALTER TABLE `password_resets`
  ADD KEY `password_resets_email_index` (`email`);

--
-- Indexes for table `questions`
--
ALTER TABLE `questions`
  ADD PRIMARY KEY (`id`),
  ADD KEY `questions_competition_id_foreign` (`competition_id`),
  ADD KEY `questions_level_id_foreign` (`level_id`);

--
-- Indexes for table `students`
--
ALTER TABLE `students`
  ADD PRIMARY KEY (`id`),
  ADD UNIQUE KEY `students_number_unique` (`number`),
  ADD UNIQUE KEY `students_email_unique` (`email`),
  ADD KEY `students_users_id_foreign` (`users_id`);

--
-- Indexes for table `teachers`
--
ALTER TABLE `teachers`
  ADD PRIMARY KEY (`id`);

--
-- Indexes for table `users`
--
ALTER TABLE `users`
  ADD PRIMARY KEY (`id`);

--
-- AUTO_INCREMENT for dumped tables
--

--
-- AUTO_INCREMENT for table `competitions`
--
ALTER TABLE `competitions`
  MODIFY `id` bigint(20) UNSIGNED NOT NULL AUTO_INCREMENT, AUTO_INCREMENT=6;

--
-- AUTO_INCREMENT for table `failed_jobs`
--
ALTER TABLE `failed_jobs`
  MODIFY `id` bigint(20) UNSIGNED NOT NULL AUTO_INCREMENT;

--
-- AUTO_INCREMENT for table `levels`
--
ALTER TABLE `levels`
  MODIFY `id` bigint(20) UNSIGNED NOT NULL AUTO_INCREMENT, AUTO_INCREMENT=6;

--
-- AUTO_INCREMENT for table `migrations`
--
ALTER TABLE `migrations`
  MODIFY `id` int(10) UNSIGNED NOT NULL AUTO_INCREMENT, AUTO_INCREMENT=44;

--
-- AUTO_INCREMENT for table `oauth_clients`
--
ALTER TABLE `oauth_clients`
  MODIFY `id` bigint(20) UNSIGNED NOT NULL AUTO_INCREMENT, AUTO_INCREMENT=2;

--
-- AUTO_INCREMENT for table `oauth_personal_access_clients`
--
ALTER TABLE `oauth_personal_access_clients`
  MODIFY `id` bigint(20) UNSIGNED NOT NULL AUTO_INCREMENT, AUTO_INCREMENT=2;

--
-- AUTO_INCREMENT for table `questions`
--
ALTER TABLE `questions`
  MODIFY `id` bigint(20) UNSIGNED NOT NULL AUTO_INCREMENT, AUTO_INCREMENT=84;

--
-- AUTO_INCREMENT for table `students`
--
ALTER TABLE `students`
  MODIFY `id` bigint(20) UNSIGNED NOT NULL AUTO_INCREMENT, AUTO_INCREMENT=2;

--
-- AUTO_INCREMENT for table `teachers`
--
ALTER TABLE `teachers`
  MODIFY `id` bigint(20) UNSIGNED NOT NULL AUTO_INCREMENT;

--
-- AUTO_INCREMENT for table `users`
--
ALTER TABLE `users`
  MODIFY `id` bigint(20) UNSIGNED NOT NULL AUTO_INCREMENT, AUTO_INCREMENT=5;

--
-- Constraints for dumped tables
--

--
-- Constraints for table `competitions`
--
ALTER TABLE `competitions`
  ADD CONSTRAINT `competitions_level_id_foreign` FOREIGN KEY (`level_id`) REFERENCES `levels` (`id`) ON DELETE CASCADE ON UPDATE CASCADE;

--
-- Constraints for table `questions`
--
ALTER TABLE `questions`
  ADD CONSTRAINT `questions_competition_id_foreign` FOREIGN KEY (`competition_id`) REFERENCES `competitions` (`id`) ON DELETE CASCADE ON UPDATE CASCADE,
  ADD CONSTRAINT `questions_level_id_foreign` FOREIGN KEY (`level_id`) REFERENCES `levels` (`id`) ON DELETE CASCADE ON UPDATE CASCADE;

--
-- Constraints for table `students`
--
ALTER TABLE `students`
  ADD CONSTRAINT `students_users_id_foreign` FOREIGN KEY (`users_id`) REFERENCES `users` (`id`) ON DELETE CASCADE ON UPDATE CASCADE;
COMMIT;

/*!40101 SET CHARACTER_SET_CLIENT=@OLD_CHARACTER_SET_CLIENT */;
/*!40101 SET CHARACTER_SET_RESULTS=@OLD_CHARACTER_SET_RESULTS */;
/*!40101 SET COLLATION_CONNECTION=@OLD_COLLATION_CONNECTION */;
